Name,Term,ES,NES,NOM p-val,FDR q-val,FWER p-val,Tag %,Gene %,Lead_genes
prerank,nuclear proteasome complex (GO:0031595),0.8706959232884278,1.5336042957579323,0.016891891891891893,1.0,0.717,3/6,2.67%,RPT2;RPT5;RPT3
prerank,mitochondrial proton-transporting ATP synthase complex (GO:0005753),0.8437038226079915,1.5319548167088743,0.02120141342756184,0.5899430777412302,0.721,4/7,7.82%,ATP20;ATP14;ATP16;ATP19
prerank,"mitochondrial proton-transporting ATP synthase complex, coupling factor F(o) (GO:0000276)",0.8074831515903913,1.498764271690567,0.044673539518900345,0.5418053613283174,0.818,4/7,10.58%,ATP20;ATP14;ATP19;ATP7
prerank,MICOS complex (GO:0061617),0.8278973381816946,1.459755347651243,0.06230529595015576,0.5797650233400957,0.922,2/6,6.30%,MIC60;MIC19
prerank,spindle microtubule (GO:0005876),-0.8314240029680526,-1.4439682496896908,0.010778443113772455,1.0,0.624,7/14,9.66%,BIK1;TUB2;KIP1;STU2;DAD1;CIN8;SLI15
prerank,vesicle coat (GO:0030120),-0.8289357209527206,-1.4341700382891682,0.010830324909747292,0.817428357991239,0.7,4/15,5.65%,SAR1;RET3;ENT5;SFB2
prerank,multimeric ribonuclease P complex (GO:0030681),0.725310336694332,1.4111219465494598,0.08532423208191127,0.5727876149770538,0.973,4/8,17.82%,POP7;POP1;RPR2;SNM1
prerank,nucleolar ribonuclease P complex (GO:0005655),0.725310336694332,1.4111219465494598,0.08532423208191127,0.5727876149770538,0.973,4/8,17.82%,POP7;POP1;RPR2;SNM1
prerank,late endosome membrane (GO:0031902),0.6946993836680121,1.4015862788654467,0.11267605633802817,0.5214675419319803,0.98,4/9,22.57%,BOS1;VTI1;MEH1;VPS36
prerank,polysome (GO:0005844),-0.7372998694006911,-1.3965963077280685,0.01520086862106406,1.0,0.915,8/29,14.41%,SLH1;TSA1;NEW1;SCP160;SSA2;SSA1;SSZ1;SLF1
prerank,endoplasmic reticulum-Golgi intermediate compartment (GO:0005793),-0.7844340334390469,-1.3838910609264163,0.0231990231990232,1.0,0.958,4/15,14.59%,EMP46;YIF1;ERV25;UIP5
prerank,actin cytoskeleton (GO:0015629),-0.7886758047037324,-1.3835938652602424,0.03708133971291866,0.9573485273771266,0.958,6/15,12.60%,TWF1;NIP100;CAP2;MYO2;VRP1;ABP140
prerank,mitochondrial inner membrane presequence translocase complex (GO:0005744),0.6848018962382152,1.365318647048965,0.14112903225806453,0.5796690039589529,0.993,4/10,13.09%,MGR2;TIM44;TIM21;TIM17
prerank,meiotic spindle pole body (GO:0035974),-0.9215541117579147,-1.364334491203634,0.024429967426710098,1.0,0.993,1/5,6.41%,ADY4
prerank,Golgi cisterna (GO:0031985),-0.8176568249844789,-1.3613050529311765,0.03773584905660377,1.0,0.994,3/11,6.39%,FAR11;ECM30;ANP1
prerank,Golgi trans cisterna (GO:0000138),-0.8958617168820746,-1.349776707109722,0.04309063893016345,1.0,0.998,2/5,5.58%,FAR11;ECM30
prerank,mRNA cleavage and polyadenylation specificity factor complex (GO:0005847),0.5991024749568781,1.340336526733111,0.15675675675675677,0.6041112708698535,0.997,2/13,2.87%,GLC7;FIP1
prerank,mitochondrial inner membrane protein insertion complex (GO:0042721),0.7905781328883961,1.337486996643825,0.16566265060240964,0.5539166059364599,0.997,3/5,11.88%,TIM12;TIM54;TIM22
prerank,vacuolar lumen (GO:0005775),-0.7846929153419892,-1.334867810864985,0.07375,1.0,0.998,2/11,4.91%,YLR179C;SNA2
prerank,mating projection base (GO:0001400),0.7756058596331125,1.3258801965336884,0.14457831325301204,0.5384068571715064,0.999,3/6,14.97%,GLC7;CDC10;CDC11
prerank,fungal-type vacuole lumen (GO:0000328),-0.7915733331316193,-1.3241928666598648,0.07369758576874205,1.0,1.0,2/10,4.91%,YLR179C;SNA2
prerank,polymeric cytoskeletal fiber (GO:0099513),-0.7464304706113973,-1.3229508609746976,0.06682027649769585,1.0,1.0,7/17,12.60%,TUB2;KIP1;TWF1;CAP2;CIN8;VRP1;ABP140
prerank,microtubule organizing center (GO:0005815),-0.6670539601262034,-1.3210826380194334,0.013251783893985729,1.0,1.0,23/61,16.54%,CLB1;MLP1;BIK1;TUB2;MPS1;KIP1;CNM67;STU2;NIP100;CLN2;CLB3;BUB2;DBF2;ESP1;CLB2;CDC15;RTS1;CLB6;CIK1;SPC97;CLN1;MLP2;BUD6
prerank,THO complex part of transcription export complex (GO:0000445),-0.8868677118366335,-1.3193330691799816,0.05832147937411095,0.997649420583704,1.0,1/5,2.64%,THO2
prerank,COPII vesicle coat (GO:0030127),-0.8920439839688957,-1.3178706216941267,0.06787330316742081,0.9472790844675086,1.0,2/5,5.65%,SAR1;SFB2
prerank,vacuolar proton-transporting V-type ATPase complex (GO:0016471),-0.7670301573912973,-1.3125401815967779,0.07926829268292683,0.9520883706332964,1.0,3/12,5.15%,VMA1;STV1;VMA6
prerank,"proton-transporting V-type ATPase, V1 domain (GO:0033180)",-0.8845082873312955,-1.3028780730649099,0.07025411061285501,0.9475089400563146,1.0,1/5,0.27%,VMA1
prerank,"vacuolar proton-transporting V-type ATPase, V1 domain (GO:0000221)",-0.8845082873312955,-1.3028780730649099,0.07025411061285501,0.9475089400563146,1.0,1/5,0.27%,VMA1
prerank,microtubule cytoskeleton (GO:0015630),-0.7014273829880379,-1.2985492399257934,0.08205689277899343,0.9451332744942319,1.0,9/24,17.23%,BIK1;TUB2;KIP1;CIN8;ESP1;CLB2;CIK1;SLK19;ASE1
prerank,kinesin complex (GO:0005871),-0.8625378791405205,-1.2923083596803744,0.11142857142857143,0.9657094080962676,1.0,3/5,13.04%,KIP1;CIN8;CIK1
prerank,nuclear nucleosome (GO:0000788),-0.8024314121225953,-1.2901523567452948,0.10615989515072084,0.9404108226619928,1.0,4/8,18.53%,HHF2;HTA2;HHT2;HTA1
prerank,microtubule (GO:0005874),-0.6894379023496517,-1.2824886872241046,0.08771929824561403,0.9780885739670864,1.0,8/26,13.04%,BIK1;TUB2;KIP1;STU2;DAD1;CIN8;SLI15;CIK1
prerank,kinetochore microtubule (GO:0005828),-0.8525844566197027,-1.279732846802261,0.08892128279883382,0.9634694370426747,1.0,3/6,9.66%,TUB2;CIN8;SLI15
prerank,spindle (GO:0005819),-0.6772279178939538,-1.2791263520043141,0.0911062906724512,0.9269768397431845,1.0,11/32,17.23%,BIK1;KIP1;STU2;DAD1;CIN8;SLI15;ESP1;CLB2;CIK1;SLK19;ASE1
prerank,integral component of peroxisomal membrane (GO:0005779),-0.7703034089731973,-1.2769389178976998,0.14051841746248295,0.9099632820431215,1.0,1/9,2.08%,PEX10
prerank,spindle pole body (GO:0005816),-0.6449150567684152,-1.2759194453228,0.04056795131845842,0.8834959266937483,1.0,22/62,16.54%,MLP1;BIK1;TUB2;MPS1;KIP1;CNM67;SPC42;STU2;DAD1;NIP100;ADY4;BUB2;DBF2;CLB2;CDC15;RTS1;CIK1;SPC72;ASK1;SPC97;MLP2;BUD6
prerank,ribosome (GO:0005840),-0.64608918210141,-1.275343678117591,0.015105740181268883,0.8544922316631514,1.0,15/76,13.07%,RPS5;TMA20;GCN2;SUI2;YMR295C;SLH1;RPL12A;EFT2;BCH1;EFT1;YEF3;NBA1;RPL16B;SSZ1;CDC33
prerank,BAF-type complex (GO:0090544),-0.7889749836331613,-1.2735251244332166,0.12383488681757657,0.8084485189785571,1.0,2/9,10.42%,SWI1;RSC9
prerank,SWI/SNF complex (GO:0016514),-0.7889749836331613,-1.2735251244332166,0.12383488681757657,0.8084485189785571,1.0,2/9,10.42%,SWI1;RSC9
prerank,DNA-directed RNA polymerase I complex (GO:0005736),-0.7421161242010083,-1.2661683277623639,0.12453760789149199,0.84329381839366,1.0,5/13,16.83%,RPA135;RPB10;RPB5;RPA49;RPC40
prerank,histone acetyltransferase complex (GO:0000123),-0.7763039508489393,-1.265098208114012,0.13013698630136986,0.8233197335443291,1.0,7/9,22.28%,HAT1;EAF1;ELP2;SWC4;EAF3;SAS3;ELP4
prerank,centrosome (GO:0005813),-0.6951380205231107,-1.2639127926079807,0.11428571428571428,0.8070098539889426,1.0,9/19,16.00%,CLB1;STU2;CLN2;CLB3;ESP1;CLB2;CLB6;SPC97;CLN1
prerank,nuclear MIS12/MIND complex (GO:0000818),-0.8551230849642293,-1.2620306346862433,0.11526946107784432,0.7975712662832793,1.0,1/5,0.45%,NNF1
prerank,spore wall (GO:0031160),-0.7605253280041395,-1.261439304335389,0.13341645885286782,0.7775786856894937,1.0,2/11,1.10%,LDS2;SPR1
prerank,post-mRNA release spliceosomal complex (GO:0071014),-0.7408689335077717,-1.2559414137673783,0.14441747572815533,0.7976563570541355,1.0,2/12,6.43%,PRP43;GBP2
prerank,ascospore wall (GO:0005619),-0.7326202335266219,-1.2528763464256658,0.13905683192261184,0.7987021999832028,1.0,2/13,1.10%,LDS2;SPR1
prerank,cellular bud neck contractile ring (GO:0000142),-0.75588286685,-1.2510484208443293,0.1850828729281768,0.7915951437604277,1.0,1/9,0.31%,BUD4
prerank,nuclear cohesin complex (GO:0000798),-0.7962695151337411,-1.2465183498486438,0.15247252747252749,0.8068511779441855,1.0,4/7,17.26%,SMC3;RAD61;PDS5;IRR1
prerank,peroxisomal membrane (GO:0005778),-0.6840828977071407,-1.2456627292401896,0.13805104408352667,0.7910722042010995,1.0,9/19,20.98%,PEX10;PEX11;PEX5;PEX14;PEX29;INP1;HMG2;HMG1;PEX28
prerank,transcriptionally active chromatin (GO:0035327),0.7577646464513417,1.244448569915494,0.22123893805309736,0.7296832837643537,1.0,2/5,16.65%,PAF1;RTG2
prerank,site of double-strand break (GO:0035861),-0.7638522098221965,-1.2424079862187782,0.16754617414248021,0.774847389149932,1.0,3/9,9.77%,RTT103;SMC6;SGS1
prerank,site of DNA damage (GO:0090734),-0.7638522098221965,-1.2424079862187782,0.16754617414248021,0.774847389149932,1.0,3/9,9.77%,RTT103;SMC6;SGS1
prerank,actin filament (GO:0005884),-0.7892483312473684,-1.2416058054101056,0.17039106145251395,0.762466134843509,1.0,4/7,12.60%,TWF1;CAP2;VRP1;ABP140
prerank,multi-eIF complex (GO:0043614),-0.7770798574528828,-1.233020491532995,0.16872427983539096,0.8068078510417909,1.0,3/8,3.61%,SUI2;NIP1;TIF35
prerank,SPOTS complex (GO:0035339),0.7375503360603575,1.232462987499402,0.2678062678062678,0.7065844675109807,1.0,2/5,4.89%,LCB1;TSC3
prerank,ER to Golgi transport vesicle membrane (GO:0012507),-0.7687555210093526,-1.2259436908018086,0.19696969696969696,0.8398880039951288,1.0,2/8,5.65%,SAR1;SFB2
prerank,TRC complex (GO:0072380),-0.8303338371292623,-1.2221978081722575,0.17727272727272728,0.8479611769088361,1.0,2/5,14.75%,YDJ1;GET4
prerank,chaperonin-containing T-complex (GO:0005832),-0.7491356806905398,-1.2182019627231504,0.1901595744680851,0.8578731187326902,1.0,3/9,11.23%,CCT3;SSA2;SSA1
prerank,nuclear mitotic cohesin complex (GO:0034990),-0.8243116412131373,-1.2165655918667426,0.1951588502269289,0.8331416772855749,1.0,3/5,17.26%,SMC3;PDS5;IRR1
prerank,mitotic cohesin complex (GO:0030892),-0.8243116412131373,-1.2165655918667426,0.1951588502269289,0.8331416772855749,1.0,3/5,17.26%,SMC3;PDS5;IRR1
prerank,extrinsic component of vacuolar membrane (GO:0000306),-0.8098974513272059,-1.212770046732448,0.20754716981132076,0.8413620711756671,1.0,2/5,16.02%,MTC5;SEA4
prerank,nuclear chromatin (GO:0000790),-0.603673817518953,-1.2119270476179556,0.04904904904904905,0.8295374535158118,1.0,24/106,15.78%,HAT1;HIR2;MGA1;CHD1;RTT103;IFH1;DOT6;ASP1;SIR3;FHL1;IES3;HHF2;HTA2;STB2;IES5;SIZ1;SET3;RRD1;RAD5;TOS4;SWC5;YOX1;SWC4;HHT2
prerank,mitochondrial small ribosomal subunit (GO:0005763),0.46769578544665175,1.2117047351317072,0.16129032258064516,0.7119699941192525,1.0,9/28,14.01%,NAM9;RSM26;RSM24;RSM28;RSM27;MRPS35;MRPS8;RSM19;MRP2
prerank,nuclear condensin complex (GO:0000799),-0.8117018583128345,-1.2056166063216052,0.21068702290076335,0.8565218429113862,1.0,2/5,3.43%,TFC3;SMC4
prerank,nucleoplasm (GO:0005654),-0.633068482892973,-1.2018252313555076,0.1761006289308176,0.8655123790495471,1.0,10/33,17.37%,MLP1;SHQ1;NOC2;NOC3;RAD23;REB1;DCC1;NOG2;MLP2;CTK3
prerank,transcription factor TFIIIC complex (GO:0000127),-0.8161343726277015,-1.197314089000673,0.21812596006144394,0.8793565879637957,1.0,2/5,6.10%,TFC3;TFC4
prerank,pre-autophagosomal structure (GO:0000407),-0.6387493388052379,-1.1968740109153302,0.19691969196919692,0.865643153201669,1.0,8/25,19.81%,ATG14;ATG29;ATG16;IRS4;ATG11;VPS34;VAM7;ATG8
prerank,cellular bud scar (GO:0005621),-0.7974214922156693,-1.194527983639013,0.24545454545454545,0.8652373381740528,1.0,2/5,12.08%,BUD4;PIR1
prerank,cortical endoplasmic reticulum (GO:0032541),-0.6944778206447584,-1.1932273705655543,0.24253731343283583,0.8581132794244287,1.0,2/13,4.66%,OSH6;RTN1
prerank,"vacuolar proton-transporting V-type ATPase, V0 domain (GO:0000220)",-0.7756318561773567,-1.1932158780307278,0.24892703862660945,0.8280409549305459,1.0,3/6,12.91%,STV1;VMA6;VPH1
prerank,"proton-transporting V-type ATPase, V0 domain (GO:0033179)",-0.7756318561773567,-1.1932158780307278,0.24892703862660945,0.8280409549305459,1.0,3/6,12.91%,STV1;VMA6;VPH1
prerank,condensed nuclear chromosome kinetochore (GO:0000778),-0.6234589656173375,-1.1916021166427182,0.19764957264957264,0.8238493769130181,1.0,6/33,8.92%,NNF1;BIK1;MPS1;MCM16;STU2;CIN8
prerank,trans-Golgi network (GO:0005802),-0.6328732567375477,-1.190597913666331,0.19810326659641728,0.8165011439211399,1.0,6/29,15.44%,NEO1;TRS120;GGA1;KEX2;AGE1;GYP6
prerank,COPII-coated ER to Golgi transport vesicle (GO:0030134),-0.6366530512650668,-1.1807853824524306,0.21420765027322405,0.8625955705649291,1.0,5/26,14.59%,EMP46;SLY1;YIF1;ERV25;UIP5
prerank,fungal-type cell wall (GO:0009277),-0.5888707156576861,-1.1729608766131576,0.11557788944723618,0.8950027351510718,1.0,18/90,14.63%,BUD4;LDS2;SPR1;YPS5;PAU2;TDH1;AGA2;FLO10;SSA2;TIR4;YPS1;SSA1;PHO3;PIR1;NCA3;DAN1;GAS2;SRL1
prerank,spindle midzone (GO:0051233),-0.7716019328314557,-1.172480438988754,0.2756598240469208,0.883417872754969,1.0,4/6,21.07%,SLI15;SLK19;ASE1;CBF2
prerank,cytoplasmic ribonucleoprotein granule (GO:0036464),-0.588259229688697,-1.1721458928301014,0.0920920920920921,0.8713324404327768,1.0,31/102,21.02%,NOT5;SUI2;NIP1;TIF35;SLH1;FAA4;PAN2;GBP2;KOG1;SMY2;YEF3;KSP1;XRN1;EDC3;SAM1;RPB2;GUS1;CDC33;VTS1;SLF1;MET5;DCS1;PAT1;RIO2;POP2;NOT3;KAP123;PUB1;BMH1;MRN1;TIF2
prerank,peroxisomal part (GO:0044439),-0.6154324524382792,-1.169368542267952,0.22653721682847897,0.87399148097724,1.0,13/31,21.72%,PEX10;HYR1;PEX11;PEX5;PEX14;POT1;PEX29;INP1;HMG2;DAL7;HMG1;PEX28;POX1
prerank,condensed nuclear chromosome (GO:0000794),-0.6073792954334669,-1.1683384977153048,0.21548117154811716,0.866954756871611,1.0,14/39,21.07%,TFC3;SMC4;HOP2;PPH22;PSY2;SPO22;RTS1;RAD61;RAD51;PDS5;MIF2;RFA3;SPC25;CBF2
prerank,lytic vacuole membrane (GO:0098852),-0.579410629920835,-1.1682765938906237,0.06106106106106106,0.8541538159845273,1.0,31/158,13.11%,VMA1;YLR179C;AVT1;YBR241C;STV1;ATG14;BSD2;VPS41;SNA2;VMA6;VAC8;GMC1;KOG1;NFT1;VBA4;RSN1;YOL075C;SCP160;MYO2;VPS35;VNX1;MTC5;VPS16;SSA2;SSA1;TPO4;FRE8;PMC1;VPH1;VAM3;FTH1
prerank,mitochondrial respiratory chain complex IV (GO:0005751),-0.7119420658466007,-1.167114138067998,0.28232189973614774,0.8474819102530041,1.0,2/9,8.94%,COX12;COX6
prerank,nuclear chromosome part (GO:0044454),-0.5758011778662973,-1.1648093491725435,0.037,0.8479991513024413,1.0,43/201,15.78%,HAT1;NNF1;HIR2;BIK1;MPS1;MGA1;TFC3;CHD1;MCM16;RTT103;IFH1;SMC4;PPH22;PSO2;STU2;DOT6;ASP1;POL2;SIR3;FHL1;DPB11;IES3;CIN8;HHF2;HTA2;STB2;SGS1;IES5;RIF2;RTS1;SIZ1;RAD61;SET3;RRD1;RAD5;TOS4;SWC5;YOX1;SLK19;PIF1;MAD3;SWC4;HHT2
prerank,chromatin (GO:0000785),-0.5858218546204847,-1.16335618593939,0.1503531786074672,0.8440035846709384,1.0,15/75,14.07%,HAT1;HIR2;MGA1;CHD1;RTT103;IFH1;ASP1;FHL1;HTA2;SIZ1;RRD1;RAD5;DCC1;TOS4;YOX1
prerank,transcription factor TFIID complex (GO:0005669),-0.6918553079534286,-1.1627577370350954,0.3080872913992298,0.8353880360166026,1.0,3/11,6.61%,TAF13;TAF6;TAF3
prerank,fungal-type vacuole membrane (GO:0000329),-0.5738670241484458,-1.1568487569565857,0.07307307307307308,0.8543828112845148,1.0,31/161,13.11%,VMA1;YLR179C;AVT1;YBR241C;STV1;ATG14;BSD2;VPS41;SNA2;VMA6;VAC8;GMC1;KOG1;NFT1;VBA4;RSN1;YOL075C;SCP160;MYO2;VPS35;VNX1;MTC5;VPS16;SSA2;SSA1;TPO4;FRE8;PMC1;VPH1;VAM3;FTH1
prerank,"DNA-directed RNA polymerase II, core complex (GO:0005665)",-0.6980126895107771,-1.1506765036133793,0.289002557544757,0.8762398326965646,1.0,3/11,12.26%,RPB10;RPB5;RPB2
prerank,cytoplasmic stress granule (GO:0010494),-0.5794938664221513,-1.149570237487126,0.16164658634538154,0.8703469759730063,1.0,23/78,21.02%,SUI2;NIP1;TIF35;SLH1;FAA4;GBP2;KOG1;YEF3;KSP1;XRN1;SAM1;RPB2;GUS1;CDC33;SLF1;MET5;PAT1;RIO2;KAP123;PUB1;BMH1;MRN1;TIF2
prerank,lipid droplet (GO:0005811),-0.5921979155503543,-1.1486874410803194,0.253099173553719,0.8630922051836258,1.0,11/44,15.02%,SPS4;LDS2;TGL4;TDH1;FAA4;ENV9;LRO1;FAS1;SRT1;YJU3;UBX2
prerank,COPI-coated vesicle membrane (GO:0030663),-0.7283239578128851,-1.1478369560771122,0.3236111111111111,0.8448642281656384,1.0,1/7,3.18%,RET3
prerank,COPI vesicle coat (GO:0030126),-0.7283239578128851,-1.1478369560771122,0.3236111111111111,0.8448642281656384,1.0,1/7,3.18%,RET3
prerank,"mitochondrial respiratory chain complex II, succinate dehydrogenase complex (ubiquinone) (GO:0005749)",-0.7533832703140346,-1.1437971423453062,0.3056379821958457,0.8540445140262138,1.0,2/6,13.27%,SDH1;SHH4
prerank,"condensed nuclear chromosome, centromeric region (GO:0000780)",-0.5942719057729741,-1.1399465734053833,0.2829581993569132,0.8630163831044355,1.0,9/32,15.69%,BIK1;MPS1;MCM16;PPH22;STU2;CIN8;RTS1;SLK19;MAD3
prerank,coated vesicle (GO:0030135),-0.581536468986069,-1.129973076643311,0.2517985611510791,0.9032687893095441,1.0,11/51,16.27%,LDB19;EMP46;NEO1;UBX3;SLY1;YIF1;BCH1;ERV25;UIP5;GYP6;RBD2
prerank,fungal-type vacuole (GO:0000324),-0.556411826694585,-1.1293587171719188,0.053,0.8953312793673667,1.0,77/320,19.30%,VMA1;YLR179C;AVT1;YBR241C;STV1;SPR1;YNR066C;ATG14;MDM1;BSD2;TRE1;VPS41;CLA4;ARN2;THI72;SNA2;AGA2;VMA6;FLC1;KEX2;VAC8;YDR248C;GMC1;PHM7;IRC8;KOG1;NFT1;VBA4;RSN1;YLR046C;YOL075C;SCP160;PRY2;MYO2;VPS35;FET3;VNX1;MTC5;VPS16;PEP1;URA8;SSA2;TIR4;SSA1;TPO4;FRE8;NCA3;PMC1;VPH1;VAM3;FTH1;TDA7;ERV25;RPP2B;GAS2;MPD1;UIP5;SRL1;MET5;PRM6;PRY1;HXT14;KTR4;EMP70;YKR104W;STL1;HOR7;FRE6;YNR061C;ERS1;PHO8;PRD1;VTH1;VPS34;VAM7;GRX6;RSB1
prerank,mitochondrial outer membrane translocase complex (GO:0005742),-0.738951678983728,-1.1221607282718908,0.35745296671490595,0.9211638441961109,1.0,3/6,20.15%,TOM40;TOM70;TOM6
prerank,condensed chromosome kinetochore (GO:0000777),-0.5861489569526948,-1.1073456143547697,0.3417305585980285,0.9842907936260139,1.0,11/28,21.07%,BIK1;MPS1;MCM16;STU2;CIN8;SLK19;MAD3;MIF2;NUP133;SPC25;CBF2
prerank,cytoplasmic microtubule (GO:0005881),-0.6695602559028907,-1.1059428797235633,0.3847167325428195,0.9797834127664755,1.0,4/10,21.11%,TUB2;CIK1;DYN3;TUB1
prerank,cytosolic large ribosomal subunit (GO:0022625),-0.5556808055485647,-1.1034503948720067,0.251503006012024,0.9798920562792568,1.0,16/89,14.86%,RPL21B;RPL7B;RPL33A;RPL12A;RPL29;RPL42A;REH1;RPL26A;RPL16B;RPL20B;TOS4;RPP2B;RPL28;RPL18B;RPL31B;RPL9B
prerank,90S preribosome (GO:0030686),-0.5593068543006947,-1.1025673132216751,0.28484848484848485,0.9729309681782617,1.0,13/66,14.50%,RPS5;UTP8;PRP43;NOC2;RRP5;BUD21;RCL1;RPS4A;SOF1;RPS9B;RPS14A;ECM16;BUD22
prerank,DNA-directed RNA polymerase complex (GO:0000428),-0.6430823081099595,-1.101503704536297,0.3727810650887574,0.9670125362785826,1.0,3/13,16.83%,RPB10;RPB5;RPC40
prerank,nuclear replisome (GO:0043601),-0.6461222313633226,-1.100942697596331,0.3708690330477356,0.9586061280699046,1.0,2/13,7.93%,POL2;DPB11
prerank,integral component of plasma membrane (GO:0005887),-0.5559057906512448,-1.0990703324070752,0.30879345603271985,0.9567388273909099,1.0,21/56,21.90%,ARN2;SUL2;QDR2;VBA4;YPR003C;AZR1;TPO4;VBA5;PMC1;PCA1;GEX2;YET2;UBX2;PRM6;HXT14;SNF3;STL1;YET1;VBA1;YHK8;VID22
prerank,large ribosomal subunit (GO:0015934),-0.5516105770724138,-1.09724821815371,0.27127127127127126,0.9554335939108334,1.0,16/92,14.86%,RPL21B;RPL7B;RPL33A;RPL12A;RPL29;RPL42A;REH1;RPL26A;RPL16B;RPL20B;TOS4;RPP2B;RPL28;RPL18B;RPL31B;RPL9B
prerank,chromosomal region (GO:0098687),-0.594266163376307,-1.096946136572786,0.35138121546961326,0.9461969950802063,1.0,8/24,19.50%,THO2;EST3;SIR3;RTS1;RAD5;DCC1;CAC2;RFA3
prerank,SBF transcription complex (GO:0033309),-0.7125022715209035,-1.0948533718832039,0.4341534008683068,0.9461114452782188,1.0,1/6,6.28%,WHI5
prerank,epsilon DNA polymerase complex (GO:0008622),-0.7132385768095786,-1.093730827957849,0.39446870451237265,0.9407561633873487,1.0,2/6,7.93%,POL2;DPB11
prerank,clathrin-coated vesicle (GO:0030136),-0.6288084279317563,-1.0932333881915839,0.372502937720329,0.9330499968701426,1.0,3/16,8.02%,LDB19;UBX3;BCH1
prerank,signal recognition particle (GO:0048500),-0.7389100103856475,-1.092117630852363,0.40717628705148207,0.9182240352172263,1.0,1/5,13.31%,SRP14
prerank,"signal recognition particle, endoplasmic reticulum targeting (GO:0005786)",-0.7389100103856475,-1.092117630852363,0.40717628705148207,0.9182240352172263,1.0,1/5,13.31%,SRP14
prerank,"chromosome, telomeric region (GO:0000781)",-0.5760031500726374,-1.0907804549330995,0.35432230522945574,0.9146207124933878,1.0,7/31,12.68%,THO2;PSO2;EST3;SIR3;SGS1;RIF2;RAD5
prerank,cytosolic ribosome (GO:0022626),-0.5443214082708288,-1.0889121945640057,0.216,0.912718537684628,1.0,25/160,14.86%,RPS5;TMA20;RPL21B;GCN2;RPL7B;RPS15;RPL33A;RPL12A;RPL29;RPS4A;YEF3;RPL42A;REH1;RPL26A;RPL16B;RPS9B;RPL20B;RPS14A;RPS22A;TOS4;RPP2B;RPL28;RPL18B;RPL31B;RPL9B
prerank,storage vacuole (GO:0000322),-0.5376535058596175,-1.0864247291258833,0.231,0.9146124375869458,1.0,45/195,19.30%,AVT1;SPR1;YNR066C;MDM1;BSD2;TRE1;CLA4;ARN2;THI72;AGA2;FLC1;KEX2;YDR248C;PHM7;IRC8;YLR046C;PRY2;FET3;VNX1;PEP1;URA8;TIR4;NCA3;VPH1;TDA7;ERV25;RPP2B;GAS2;MPD1;UIP5;SRL1;MET5;PRM6;PRY1;HXT14;KTR4;STL1;HOR7;FRE6;YNR061C;ERS1;PRD1;VTH1;GRX6;RSB1
prerank,box C/D snoRNP complex (GO:0031428),0.6322387233430352,1.0810823990214107,0.43440233236151604,1.0,1.0,2/5,25.01%,SNU13;NOP1
prerank,lytic vacuole (GO:0000323),-0.5346458824750466,-1.0806353746196122,0.248,0.9314409270913521,1.0,45/199,19.30%,AVT1;SPR1;YNR066C;MDM1;BSD2;TRE1;CLA4;ARN2;THI72;AGA2;FLC1;KEX2;YDR248C;PHM7;IRC8;YLR046C;PRY2;FET3;VNX1;PEP1;URA8;TIR4;NCA3;VPH1;TDA7;ERV25;RPP2B;GAS2;MPD1;UIP5;SRL1;MET5;PRM6;PRY1;HXT14;KTR4;STL1;HOR7;FRE6;YNR061C;ERS1;PRD1;VTH1;GRX6;RSB1
prerank,presequence translocase-associated import motor (GO:0001405),0.5973808913725003,1.0803298737143998,0.4097222222222222,0.9461269720903666,1.0,1/7,1.26%,TIM44
prerank,nucleolar part (GO:0044452),-0.5688814777944966,-1.0794643311247838,0.3812566560170394,0.9271447073540527,1.0,7/32,16.83%,CHD1;RPA135;RPB10;RPB5;RPA49;NET1;RPC40
prerank,late endosome (GO:0005770),-0.5672390591531681,-1.0784855895282994,0.40232312565997885,0.9221940144851911,1.0,3/32,8.52%,STV1;VPS41;VPS35
prerank,nuclear microtubule (GO:0005880),-0.7049739098266165,-1.0728709184327376,0.45977011494252873,0.9371639651267816,1.0,1/6,0.87%,TUB2
prerank,RNA polymerase II transcription factor complex (GO:0090575),-0.5419673565441143,-1.0704982280492623,0.38075742067553736,0.9383915353061575,1.0,10/56,16.85%,TAF13;TAF6;ASP1;WHI5;TAF3;SRB7;HAP4;MED1;TAF9;NRM1
prerank,nucleoplasm part (GO:0044451),-0.5359953726713423,-1.0697212367423294,0.34036144578313254,0.9327168318555364,1.0,21/94,17.66%,HAT1;EAF1;TAF13;RPC82;TAF6;NOC3;TAF3;RPB10;ASK10;ELP2;RPB5;SRB7;GIS1;RPB2;RPC53;MED1;TAF9;SWC4;RPC40;EAF3;MCM3
prerank,Golgi-associated vesicle (GO:0005798),-0.558754293431359,-1.0685030059202418,0.39810924369747897,0.9287032166521534,1.0,7/37,16.27%,EMP46;NEO1;SLY1;YIF1;ERV25;UIP5;RBD2
prerank,mating projection (GO:0005937),0.4851372083115531,1.0666510155863165,0.35175879396984927,0.9252201638962493,1.0,5/14,14.97%,GLC7;NCE102;RVS161;CDC10;CDC11
prerank,P-body (GO:0000932),-0.5585873407949193,-1.0644048185010904,0.40021119324181625,0.9365957202991091,1.0,12/35,20.66%,NOT5;PAN2;SMY2;XRN1;EDC3;VTS1;DCS1;PAT1;POP2;NOT3;PUB1;MRN1
prerank,MBF transcription complex (GO:0030907),-0.6911845137460695,-1.0602982753917483,0.4772079772079772,0.9440260743156498,1.0,3/7,22.90%,ASP1;NRM1;SWI6
prerank,condensed chromosome (GO:0000793),-0.5757628642155175,-1.0594686053035958,0.44704570791527315,0.9386165247504864,1.0,8/24,24.61%,HOP2;PSY2;SPO22;RAD51;PDS5;RFA3;REC102;YCG1
prerank,septin filament array (GO:0032160),-0.6773829946713316,-1.0584792422163596,0.4488078541374474,0.9337309061805159,1.0,1/7,4.08%,PKC1
prerank,membrane raft (GO:0045121),-0.5845317275242374,-1.0549504512043886,0.4403153153153153,0.9397796038527333,1.0,4/21,11.97%,PMA1;YKL050C;VAC8;EIS1
prerank,cytosolic part (GO:0044445),-0.5235921675514937,-1.0508743627230905,0.329,0.9476812122803574,1.0,28/176,14.86%,RPS5;TMA20;RPL21B;GCN2;RPL7B;RPS15;RPL33A;CCT3;RPL12A;RPL29;RPS4A;YEF3;RPL42A;REH1;RPL26A;RPL16B;SSA2;RPS9B;RPL20B;SSA1;RPS14A;RPS22A;TOS4;RPP2B;RPL28;RPL18B;RPL31B;RPL9B
prerank,Cul3-RING ubiquitin ligase complex (GO:0031463),-0.6912893607071952,-1.0487995603036175,0.4880450070323488,0.9473636227008916,1.0,4/6,22.70%,ELA1;HRT1;ELC1;RAD7
prerank,histone methyltransferase complex (GO:0035097),-0.6469042386756548,-1.046057602373356,0.47587131367292224,0.9498446577567246,1.0,2/8,11.27%,BRE2;GIS1
prerank,nuclear chromosome (GO:0000228),-0.5574514994779514,-1.0435967115446907,0.4632829373650108,0.9507594889295918,1.0,8/31,19.50%,HOP2;NDT80;PSY2;SPO22;MSH2;RAD51;PDS5;RFA3
prerank,endoplasmic reticulum lumen (GO:0005788),-0.6953288616569048,-1.0414838702963602,0.5133614627285513,0.9501123813173531,1.0,1/6,0.16%,ERG3
prerank,mitochondrial matrix (GO:0005759),-0.526758178079614,-1.0411887000407667,0.4313131313131313,0.9431914503476109,1.0,12/74,15.28%,SSQ1;SOD2;MDH1;ZIM17;YAH1;TAM41;PTC5;ICL2;OCT1;FUM1;HSP78;MAS2
prerank,cytosolic small ribosomal subunit (GO:0022627),-0.5278459280222165,-1.0406522916729013,0.4376899696048632,0.9371171552854715,1.0,15/61,24.18%,RPS5;TMA20;RPS15;RPS4A;RPS9B;RPS14A;RPS22A;PAT1;RPS25A;RPS17A;RPS22B;ASC1;RPS21A;RPS12;RPS10A
prerank,septin ring (GO:0005940),-0.5883167888343321,-1.0396926797454706,0.45997610513739545,0.9328130165991246,1.0,3/17,18.09%,BUD4;SIZ1;HOF1
prerank,vacuole (GO:0005773),-0.5743814842692375,-1.0389601646525675,0.4554794520547945,0.9278474466138293,1.0,1/20,2.26%,SAM3
prerank,endoplasmic reticulum tubular network (GO:0071782),-0.5899736466448318,-1.0364136036866807,0.46338535414165666,0.9297677721836428,1.0,2/15,4.66%,OSH6;RTN1
prerank,"DNA-directed RNA polymerase II, holoenzyme (GO:0016591)",-0.525429325662648,-1.0356125054735752,0.43959390862944164,0.9249616118882538,1.0,10/59,15.42%,TAF13;TAF6;TAF3;RPB10;ASK10;RPB5;SRB7;RPB2;MED1;TAF9
prerank,proteasome storage granule (GO:0034515),-0.5676996886905102,-1.0348563752182525,0.46751740139211134,0.9198806895870564,1.0,2/19,3.74%,RPN9;RPN8
prerank,early endosome (GO:0005769),-0.6241546090967214,-1.0321382492507547,0.4927536231884058,0.9218189483301813,1.0,2/9,18.47%,TRS120;ALY2
prerank,cis-Golgi network (GO:0005801),0.485242012319911,1.0306096911487186,0.4009216589861751,0.9583160990854358,1.0,1/11,0.36%,ERD2
prerank,nucleotide-excision repair factor 3 complex (GO:0000112),-0.6738051110334773,-1.0304745740891001,0.5101088646967341,0.9206462079032393,1.0,2/6,22.32%,RAD2;TFB1
prerank,cortical actin cytoskeleton (GO:0030864),-0.5374908406943657,-1.0298752877563657,0.47528916929547843,0.908053344177802,1.0,8/36,14.57%,GTS1;TWF1;CAP2;LSB3;VRP1;ABP140;BZZ1;ARP3
prerank,actin cortical patch (GO:0030479),-0.5374908406943657,-1.0298752877563657,0.47528916929547843,0.908053344177802,1.0,8/36,14.57%,GTS1;TWF1;CAP2;LSB3;VRP1;ABP140;BZZ1;ARP3
prerank,endocytic patch (GO:0061645),-0.5372039211949343,-1.0295277971659857,0.4767932489451477,0.902303265073579,1.0,8/37,14.57%,GTS1;TWF1;CAP2;LSB3;VRP1;ABP140;BZZ1;ARP3
prerank,Rpd3L-Expanded complex (GO:0070210),-0.5901810914369288,-1.029372140367549,0.49336550060313633,0.8958540074437848,1.0,4/14,20.22%,DOT6;SET3;TOS4;SDS3
prerank,mitotic spindle pole body (GO:0044732),-0.6714983888813573,-1.0271922270461302,0.5158959537572254,0.8962817774580542,1.0,3/6,14.25%,DAD1;BUB2;ASK1
prerank,cullin-RING ubiquitin ligase complex (GO:0031461),-0.5371244651463024,-1.0259996041181625,0.4766355140186916,0.8939757774372259,1.0,10/35,14.70%,ELA1;RTT107;APC9;APC1;YDR131C;RTT101;MET30;SOF1;PRP46;HRT1
prerank,CHRAC (GO:0008623),-0.686336291072617,-1.025183645971686,0.5106060606060606,0.8829730989931495,1.0,3/5,30.10%,ISW2;DPB4;DLS1
prerank,ISWI-type complex (GO:0031010),-0.686336291072617,-1.025183645971686,0.5106060606060606,0.8829730989931495,1.0,3/5,30.10%,ISW2;DPB4;DLS1
prerank,condensed nuclear chromosome outer kinetochore (GO:0000942),-0.6210795262545583,-1.0230838918613556,0.5057915057915058,0.8834848526795508,1.0,2/9,4.95%,DUO1;DAD1
prerank,RNA polymerase III transcription factor complex (GO:0090576),-0.6466930596252238,-1.0227067608563762,0.5244565217391305,0.8780222232880789,1.0,2/8,6.10%,TFC3;TFC4
prerank,Ino80 complex (GO:0031011),-0.6278395411790983,-1.018421981565169,0.5182291666666666,0.8853194476982762,1.0,2/9,10.38%,IES3;IES5
prerank,nucleus (GO:0005634),-0.4978343869907006,-1.0178801072075843,0.336,0.8806430652126829,1.0,276/1212,21.69%,RNR2;DEG1;ECM15;CLB1;QNS1;HAT1;NUP60;YLR179C;YAK1;RAD54;HPA3;HIR2;TOP3;YOL159C-A;YGR122W;RAD34;AEP3;GAT3;PTP3;CAJ1;SWI1;MGA1;SPO14;TMC1;SUA7;DAS2;SPP381;GTS1;BAS1;LOC1;REX3;RAD55;THO2;KIP1;TMA7;NSE4;TEA1;ELA1;RFC1;RAD26;SHQ1;ATG29;FYV10;CLA4;RRN3;GSM1;PDR8;FYV7;IFH1;SMC4;RNA1;RPN9;SUM1;IBD2;NAM8;JIP5;PKC1;FPK1;RTT107;PSO2;TAF13;NOC2;TAF6;NOC3;HIR3;PHM8;DOT6;MAF1;TDA9;ARO80;ARO9;PSY2;PNG1;ARR1;MTR4;TFC4;WHI5;CLN2;UTR1;GBP2;ZAP1;SGD1;PDR1;ADO1;TKL1;EST3;RRP6;CLB3;SMC3;PDE2;PMS1;FHL1;SIS2;SSA3;PCL1;CSR2;KDX1;RAD2;DPB11;USV1;CTR1;SFL1;SPN1;FRK1;IES3;PTK2;APC1;MOD5;TRP4;SMC6;HAL9;CIN8;ECM29;ELP2;KSP1;NRD1;SPO22;YLL054C;CDC25;YML082W;SGS1;PRR2;GPD1;CAR1;RTT101;STB4;MET30;WAR1;ESP1;MSH2;IES5;GCD14;RSC9;GRE2;XRN1;CLB2;RSF1;EDC3;ROM2;ISW2;SSA2;RTS1;SSA1;GIS1;YOR338W;RTK1;ELP3;NMA111;ARI1;CLB6;YCR051W;SUB1;CRZ1;RPB2;RRD1;PEP7;PET309;SLX1;RAD5;PHO2;YKR023W;CIK1;CDC33;MET32;VTS1;TAH1;NIS1;APJ1;TOS4;GRX1;SWC5;HOS3;YPL113C;YOX1;YSA1;RPL28;WWM1;ATG16;RRD2;VHS1;BUD22;SRS2;HRT1;SPO20;FRM2;PIF1;CYB2;DCS1;KAP120;APN1;YGR111W;SWC4;ARO7;REF2;PAT1;LEU3;CLN1;NOG2;ROY1;PML1;PDS5;DBP2;ERG13;YKR018C;NRM1;EXO5;RIO2;MDG1;PCH2;IRR1;ADE8;UBP6;PRP24;MCM3;RRP12;CAC2;AIM7;LOT5;RAS1;MOT3;NUP192;UTP30;KAP123;OYE2;SET2;URH1;EST2;TOP2;NUP159;SOK2;ALK2;GRX4;PUS7;NMD3;HUB1;YMR114C;LIN1;CBR1;TDP1;HMO1;ESF1;VID30;NUP133;SPP382;YCK1;PUB1;YBR197C;SDS3;RIC1;BMH1;HPT1;DEF1;AAP1;CUR1;RIM101;ERG12;MRN1;GIC1;UFO1;HSP12;RTT106;RMD5;NOP13;CBF2;TUB1;RMR1;MDM30;IRE1;LTP1;SAS3;RIX1;RKI1;YTA7;ACS2;SLX4;IME1
prerank,chromosome (GO:0005694),-0.5795802725390938,-1.0093079107308203,0.5239234449760766,0.901805879598842,1.0,5/15,17.17%,NDT80;SGS1;MSH2;RAD51;PCH2
prerank,DASH complex (GO:0042729),-0.6420272866252512,-1.006999267678909,0.530446549391069,0.9025132991765876,1.0,3/7,14.25%,DUO1;DAD1;ASK1
prerank,Golgi subcompartment (GO:0098791),-0.5119977253088235,-1.001215144983367,0.5331294597349643,0.9146466506164204,1.0,14/57,20.33%,EMP46;NEO1;TRS120;GGA1;KEX2;SLY1;COY1;UIP5;AGE1;GYP6;PMR1;MNN10;RUD3;RIC1
prerank,cytosol (GO:0005829),-0.48900260651076527,-0.9996692733583382,0.497,0.9132007832771217,1.0,126/518,22.10%,ECM15;TMA20;VPS9;NUP60;HIR2;MSY1;PMA1;CAJ1;LDB19;PKH1;SPP381;SHQ1;ATG29;SNO3;FAR11;RNA1;RPN9;TSA1;RIM8;OSH6;ADE16;TDH1;TAF6;HBS1;STP22;GGA1;SLY1;VAC8;PNG1;GBP2;PGM1;PDR1;ADO1;TKL1;EST3;SMY2;GYP7;SSA3;CSR2;EFT2;FBA1;EFT1;MOD5;DAK1;CDC25;DOA4;GPD1;CAR1;CYR1;SOL2;MLF3;FAR7;URA8;SAM1;SSA2;RTS1;HYR1;RAD23;SSA1;GIS1;YDJ1;PEX5;YHR131C;MUK1;HSP60;GUS1;FAS1;FUM1;SSZ1;PHO2;PSR2;VTS1;GCN3;APJ1;SWC5;YPL113C;ATG16;KAP120;ARG3;GYP6;MKK2;REF2;SAH1;IMH1;SUV3;PYC2;PDS5;RIO2;IRR1;THI20;CAC2;PCK1;MOT3;TSC11;SET2;URH1;ALY2;VPS34;SSK2;SOK2;NMD3;MET10;FAS2;DAL7;AQY2;ATG8;SIW14;HMO1;NUP133;SDS3;SPS22;RIC1;ERG12;HSP12;PEX28;RMD5;RPE1;RIA1;RIX1;RKI1;YTA7;ACS2;SAK1;PET18;PUP1;BIO4
prerank,outer plaque of spindle pole body (GO:0005824),-0.6731587477545036,-0.9984365211893428,0.5589970501474927,0.910439867166543,1.0,3/5,14.52%,CNM67;SPC72;SPC97
prerank,mitochondrial respiratory chain complex III (GO:0005750),-0.6124717727195423,-0.9942430730420081,0.5368421052631579,0.916645286319938,1.0,1/9,5.24%,CYT1
prerank,SLIK (SAGA-like) complex (GO:0046695),-0.5704949856248228,-0.9854574764293202,0.5417661097852029,0.9353000102285118,1.0,2/13,4.98%,CHD1;TAF6
prerank,small ribosomal subunit (GO:0015935),-0.49738942316319174,-0.981896821917109,0.5607287449392713,0.9391060115585929,1.0,7/68,12.89%,RPS5;TMA20;RPS15;RPS4A;RPS9B;RPS14A;RPS22A
prerank,SAGA complex (GO:0000124),-0.5496365453868488,-0.973525351106092,0.5568581477139508,0.9564851361322775,1.0,2/16,4.98%,CHD1;TAF6
prerank,telomeric heterochromatin (GO:0031933),-0.6326772354513064,-0.9711368568869289,0.6005586592178771,0.9502204782385483,1.0,1/6,7.35%,SIR3
prerank,nuclear telomeric heterochromatin (GO:0005724),-0.6326772354513064,-0.9711368568869289,0.6005586592178771,0.9502204782385483,1.0,1/6,7.35%,SIR3
prerank,"condensed chromosome, centromeric region (GO:0000779)",-0.5583504102115999,-0.9691916504900245,0.5644171779141104,0.9492379343437342,1.0,6/14,21.07%,PPH22;RTS1;MIF2;NUP133;SPC25;CBF2
prerank,nuclear ubiquitin ligase complex (GO:0000152),-0.5511315477579976,-0.9640249459091899,0.581668625146886,0.9568119207831253,1.0,4/16,14.70%,APC9;APC1;MET30;HRT1
prerank,nuclear DNA-directed RNA polymerase complex (GO:0055029),-0.508766520567757,-0.9621571470461308,0.6008403361344538,0.9553356407298209,1.0,8/37,13.20%,RPA135;RPC82;RPB10;ASK10;RPB5;RPB2;RPA49;RPC53
prerank,Sin3-type complex (GO:0070822),-0.5709840158923263,-0.9605755666037443,0.5871446229913473,0.953307612262661,1.0,3/12,20.22%,STB2;EAF3;SDS3
prerank,rDNA heterochromatin (GO:0033553),-0.5854483594061328,-0.955273602374085,0.6012903225806452,0.9605876765299066,1.0,1/9,2.02%,UTP8
prerank,small nucleolar ribonucleoprotein complex (GO:0005732),0.4311192969841582,0.9521376758122667,0.4787234042553192,1.0,1.0,10/13,36.40%,SNU13;LSM5;LSM4;NOP1;LSM6;LCP5;GAR1;LSM2;NOP58;HAS1
prerank,U1 snRNP (GO:0005685),-0.5237997696173612,-0.949764326935068,0.6232876712328768,0.9682195179810427,1.0,2/20,3.90%,MUD1;NAM8
prerank,intrinsic component of mitochondrial inner membrane (GO:0031304),-0.5111906113006788,-0.9483514107568589,0.6095965103598692,0.9654778605266827,1.0,8/27,22.55%,FMP30;PIC2;QRI5;RCF1;PSD1;INA17;TPC1;MPC1
prerank,U4/U6 x U5 tri-snRNP complex (GO:0046540),-0.5074834117278366,-0.9470898787158937,0.6158068057080132,0.956094182307444,1.0,2/24,7.58%,SPP381;SNU66
prerank,spliceosomal tri-snRNP complex (GO:0097526),-0.5074834117278366,-0.9470898787158937,0.6158068057080132,0.956094182307444,1.0,2/24,7.58%,SPP381;SNU66
prerank,heterochromatin (GO:0000792),-0.550332740359318,-0.9455439230898044,0.6060606060606061,0.9537769814606152,1.0,2/13,7.35%,UTP8;SIR3
prerank,cell cortex part (GO:0044448),-0.5086103531120132,-0.9375111886838872,0.6277777777777778,0.9659378972499637,1.0,3/24,12.17%,OSH6;RTN1;SIZ1
prerank,integral component of mitochondrial membrane (GO:0032592),-0.4818448885832494,-0.9351981981436932,0.6635706914344686,0.9652023714713741,1.0,11/47,16.32%,OM45;FMP30;PIC2;GUT2;MCP1;QRI5;RCF1;ALO1;TOM70;FZO1;PSD1
prerank,nuclear periphery (GO:0034399),-0.47404612136602436,-0.9333242638746921,0.6456611570247934,0.9631412749912699,1.0,14/46,22.01%,NSP1;PPH22;KAP95;PIR1;APJ1;RBD2;LOS1;KAP123;HMG2;HMG1;CDC21;TUB1;GAS1;CMR1
prerank,mitochondrion (GO:0005739),-0.45671052199546786,-0.9319649278223544,0.901,0.9602497815314878,1.0,138/803,17.06%,SSQ1;OAR1;GGC1;YDL157C;CIT3;MSY1;MRPL16;AEP3;SOD2;ALT1;PMA1;OM45;COX12;MGM101;JID1;SDH1;FMP48;FMP30;PIC2;TFC3;CHD1;PRP43;IRA1;DSS1;ADH4;MDH1;SNQ2;ZIM17;TOM40;YMC2;NOC2;RTN1;STE23;TDH1;CYT1;GUT1;TAM41;PNG1;GUT2;MRF1;KOG1;YNL195C;NEW1;MRPL44;ZEO1;PPM2;SIR3;MSE1;COX20;LSB3;TTI1;FBA1;OSM1;PTC5;ICL2;COX16;MOD5;SMC6;PTH1;HAL9;CIN8;COX6;THS1;MSS51;SAP185;FKS3;DOA4;GPD1;VPS54;STB4;CYR1;MCP1;WAR1;ESP1;RSF1;MRP7;SSA2;JAC1;LSC2;HYR1;MRPS28;RAD23;GIS1;QRI5;ENV9;OXA1;PET111;CAT5;HSP60;EIS1;CBS1;RPB2;GUS1;OCT1;PET309;COX10;RCF1;FAS1;FUM1;ALO1;YKR023W;ECM16;SHH4;APJ1;TOS4;MRP20;MRH1;HSP78;HEM15;YJU3;YSA1;WWM1;IRS4;YME1;SCM4;PIF1;CYB2;DCS1;MAS2;APN1;ARG3;TOM70;MRPL4;AEP2;FZO1;SUV3;REX2;HXT14;PSD1;RIM2;MLP2;CAT2;DBP2;EXO5;TUM1;MDS3;LOS1;YGR266W
prerank,synaptonemal complex (GO:0000795),-0.5686903879245528,-0.9316787901790324,0.6336499321573948,0.9548093652946111,1.0,3/9,26.74%,TOP2;GMC2;ZIP2
prerank,synaptonemal structure (GO:0099086),-0.5862620524407427,-0.9244588636475302,0.6494252873563219,0.9644933046966606,1.0,3/7,26.74%,TOP2;GMC2;ZIP2
prerank,Golgi membrane (GO:0000139),-0.48879622882865476,-0.9175302215552147,0.6702702702702703,0.9736806725841903,1.0,9/29,20.33%,EMP46;NEO1;SLY1;COY1;UIP5;PMR1;MNN10;RUD3;RIC1
prerank,U2-type post-mRNA release spliceosomal complex (GO:0071008),-0.6229598647590893,-0.9148902226143955,0.6651234567901234,0.9731672532940275,1.0,1/5,20.01%,SPP382
prerank,mitochondrial envelope (GO:0005740),0.2941732103354746,0.9142741547646484,0.6666666666666666,1.0,1.0,20/55,16.85%,MCR1;NCE103;TRR1;CCP1;YNK1;SUE1;ADK1;TIM13;YBR056W;ORT1;CMC4;UPS2;RIB3;ISA2;SCO2;COX14;PET191;MDM35;ERV1;OMS1
prerank,integral component of fungal-type vacuolar membrane (GO:0071627),0.4833089978866636,0.9131150881243174,0.5547169811320755,0.9831716668108205,1.0,1/8,8.79%,MCH2
prerank,intrinsic component of fungal-type vacuolar membrane (GO:0071628),0.4833089978866636,0.9131150881243174,0.5547169811320755,0.9831716668108205,1.0,1/8,8.79%,MCH2
prerank,integral component of vacuolar membrane (GO:0031166),0.4833089978866636,0.9131150881243174,0.5547169811320755,0.9831716668108205,1.0,1/8,8.79%,MCH2
prerank,anaphase-promoting complex (GO:0005680),-0.5455934563660438,-0.9099425858622375,0.6695979899497487,0.9775906245335054,1.0,2/11,8.56%,APC9;APC1
prerank,"nuclear chromosome, telomeric region (GO:0000784)",-0.4894611952201812,-0.9069697470983492,0.6608122941822173,0.97807417490671,1.0,4/25,10.56%,PSO2;SIR3;SGS1;RIF2
prerank,nuclear lumen (GO:0031981),-0.4461277907341817,-0.9066653490829808,0.864,0.972934872776405,1.0,57/276,19.92%,MLP1;RPL7B;UTP8;LOC1;SHQ1;RRN3;NSP1;FYV7;IFH1;PPH22;JIP5;NOC2;NOC3;RRN9;NDT80;MAF1;RRP5;MTR4;BUD21;KAP95;RCL1;SGD1;RRP6;SIR3;FHL1;MOD5;HCA4;SGS1;SSF2;SOF1;MSH2;RAD23;REB1;PIR1;EFM1;RPA49;ECM16;DCC1;APJ1;BUD22;NET1;RAD51;NOG2;RBD2;MLP2;PCH2;CTK3;RRP12;UTP30;KAP123;EST2;HMG2;HMG1;CDC21;SRP40;HMO1;ESF1
prerank,prespliceosome (GO:0071010),-0.47804133574646057,-0.9002956810648838,0.6702937976060935,0.9737292743193843,1.0,2/28,3.90%,MUD1;NAM8
prerank,U2-type prespliceosome (GO:0071004),-0.47804133574646057,-0.9002956810648838,0.6702937976060935,0.9737292743193843,1.0,2/28,3.90%,MUD1;NAM8
prerank,nucleolus (GO:0005730),-0.4419596654824751,-0.8937270911406788,0.85,0.9803148023767978,1.0,27/195,13.09%,RPL7B;UTP8;LOC1;RRN3;FYV7;IFH1;JIP5;NOC2;NOC3;RRN9;MAF1;RRP5;MTR4;BUD21;RCL1;SGD1;RRP6;SIR3;FHL1;MOD5;HCA4;SGS1;SSF2;SOF1;EFM1;RPA49;ECM16
prerank,Set1C/COMPASS complex (GO:0048188),-0.5804341217802321,-0.881422157224035,0.7155297532656023,0.9971728070969866,1.0,1/6,7.37%,BRE2
prerank,U12-type spliceosomal complex (GO:0005689),0.4891829865116675,0.8796949775328662,0.6121673003802282,1.0,1.0,3/7,14.86%,SMD1;RDS3;YSF3
prerank,endosomal part (GO:0044440),-0.5227965967786156,-0.8763852178118519,0.7041719342604298,1.0,1.0,3/11,19.21%,TRS120;PEP7;BET5
prerank,mitochondrial inner membrane (GO:0005743),-0.4370505760482338,-0.8712871254157258,0.7909547738693468,1.0,1.0,13/83,15.91%,GGC1;AEP3;SOD2;CYT1;COX20;COX16;PET111;CAT5;SHH4;HEM15;YME1;MAS2;FZO1
prerank,preribosome (GO:0030684),-0.4333574532294068,-0.8712221877219436,0.854,0.9975721945462341,1.0,20/151,14.50%,RPS5;UTP8;LOC1;PRP43;NOC2;NOC3;RRP5;BUD21;RCL1;NEW1;RPS4A;HCA4;REH1;SSF2;SOF1;RPS9B;RPS14A;ECM16;RPL28;BUD22
prerank,translation preinitiation complex (GO:0070993),-0.5779347878837693,-0.8492123544570804,0.7503875968992249,1.0,1.0,1/5,2.69%,SUI2
prerank,spindle pole (GO:0000922),-0.5209346835677667,-0.8469788164005719,0.7352555701179554,1.0,1.0,1/9,4.86%,STU2
prerank,clathrin coat of trans-Golgi network vesicle (GO:0030130),-0.56688096726891,-0.8459030971657724,0.7181008902077152,1.0,1.0,2/5,32.63%,APL2;APS1
prerank,AP-1 adaptor complex (GO:0030121),-0.56688096726891,-0.8459030971657724,0.7181008902077152,1.0,1.0,2/5,32.63%,APL2;APS1
prerank,commitment complex (GO:0000243),0.3871728783984982,0.8417105200974695,0.685,1.0,1.0,3/12,1.75%,MSL5;PRP42;SNU56
prerank,nuclear origin of replication recognition complex (GO:0005664),-0.5388388098366751,-0.8406396769913996,0.7116212338593975,1.0,1.0,1/6,7.35%,SIR3
prerank,nuclear exosome (RNase complex) (GO:0000176),-0.5003321997766669,-0.8404740324394007,0.7385943279901356,1.0,1.0,2/12,7.19%,KAP95;RRP6
prerank,"preribosome, small subunit precursor (GO:0030688)",0.3692725664438436,0.8394865767474654,0.676829268292683,1.0,1.0,4/13,20.95%,NOP6;NOB1;ENP1;SQS1
prerank,microtubule organizing center part (GO:0044450),-0.48137782368174353,-0.8379997861784311,0.7443249701314217,1.0,1.0,4/14,14.52%,CNM67;SPC42;SPC72;SPC97
prerank,INO80-type complex (GO:0097346),-0.46715479060010184,-0.8375008579701942,0.7358053302433372,1.0,1.0,4/17,15.73%,IES3;IES5;SWC5;SWC4
prerank,central plaque of spindle pole body (GO:0005823),-0.5546319766799445,-0.8285825266765554,0.7496038034865293,1.0,1.0,1/5,3.65%,SPC42
prerank,mitochondrial large ribosomal subunit (GO:0005762),-0.42776840952627365,-0.8284968500853692,0.7939011566771819,1.0,1.0,6/42,15.64%,MRPL16;MRPL44;MRP7;OXA1;MRP20;MRPL4
prerank,replication fork (GO:0005657),-0.4662578017381228,-0.8277505924393529,0.7854710556186152,1.0,1.0,4/18,16.09%,POL2;DPB11;PIF1;RAD51
prerank,DNA-directed RNA polymerase III complex (GO:0005666),-0.46901977758470137,-0.8226549356263686,0.7482435597189696,1.0,1.0,5/16,16.83%,RPC82;RPB10;RPB5;RPC53;RPC40
prerank,small-subunit processome (GO:0032040),-0.42138119462147566,-0.8223446223146744,0.8110072689511942,0.9976670692274436,1.0,8/46,13.09%,UTP8;RRP5;BUD21;HCA4;SOF1;RPS9B;RPS14A;ECM16
prerank,SWI/SNF superfamily-type complex (GO:0070603),-0.4726288965776268,-0.8216496418458675,0.7685076380728555,0.9881287498391825,1.0,3/15,18.78%,RSC2;RSC9;RSC1
prerank,RSC complex (GO:0016586),-0.4726288965776268,-0.8216496418458675,0.7685076380728555,0.9881287498391825,1.0,3/15,18.78%,RSC2;RSC9;RSC1
prerank,cytoskeleton (GO:0005856),-0.46109615673415466,-0.8124256735414818,0.7800237812128419,0.9945441697761701,1.0,1/15,4.08%,PKC1
prerank,U2-type catalytic step 1 spliceosome (GO:0071006),-0.46291399538665934,-0.8083217328765295,0.7642857142857142,0.9946189296391414,1.0,3/14,22.12%,NTC20;MRN1;CWC2
prerank,TRAPPII protein complex (GO:1990071),-0.4877573784127035,-0.8046574562028568,0.7773487773487774,0.9939897435761192,1.0,1/10,4.89%,TRS120
prerank,mitochondrial outer membrane (GO:0005741),-0.4050503211696682,-0.8035579150316758,0.8746208291203236,0.9902489098150843,1.0,15/68,19.70%,OM45;TOM40;YPT32;ZEO1;MCP1;GSF2;ALO1;YJU3;UBX2;SCM4;TOM70;FZO1;YGR266W;NCA2;CBR1
prerank,spliceosomal complex (GO:0005681),-0.40834910849609846,-0.780607785522989,0.861995753715499,1.0,1.0,3/34,11.65%,PRP43;GBP2;PRP46
prerank,RNA polymerase I upstream activating factor complex (GO:0000500),-0.5274605268556039,-0.7804973671121678,0.8116169544740973,1.0,1.0,1/5,5.11%,RRN9
prerank,nuclear inner membrane (GO:0005637),-0.49643587483151197,-0.7799972492821757,0.7900146842878121,1.0,1.0,1/7,18.80%,STE14
prerank,tRNA methyltransferase complex (GO:0043527),0.45804617008459725,0.779018569600508,0.7155688622754491,1.0,1.0,2/5,4.64%,GCD10;TRM11
prerank,integral component of endoplasmic reticulum membrane (GO:0030176),-0.40056499217306907,-0.7766575682421326,0.8730808597748209,1.0,1.0,5/49,15.02%,SKN1;RTN1;GSF2;SED4;UBX2
prerank,RNA polymerase I transcription factor complex (GO:0000120),-0.4915345708977258,-0.7676134735579834,0.8091168091168092,1.0,1.0,1/7,5.11%,RRN9
prerank,COPI-coated vesicle (GO:0030137),-0.4384224574342887,-0.7645560060050645,0.8187274909963985,1.0,1.0,5/13,24.09%,NEO1;RBD2;SGM1;YND1;TVP15
prerank,mitochondrial pyruvate dehydrogenase complex (GO:0005967),-0.4921208470023615,-0.7617384011598508,0.8121468926553672,1.0,1.0,4/7,20.84%,PTC5;LAT1;PKP1;PDA1
prerank,"preribosome, large subunit precursor (GO:0030687)",-0.3807102329123245,-0.7590090921513041,0.9031281533804238,0.9983360853711316,1.0,6/75,9.82%,LOC1;NOC2;NOC3;NEW1;REH1;SSF2
prerank,integral component of mitochondrial outer membrane (GO:0031307),-0.42142363403971594,-0.7587274257440951,0.8375286041189931,0.9888424266267073,1.0,5/18,15.91%,OM45;GUT2;ALO1;TOM70;FZO1
prerank,intrinsic component of mitochondrial outer membrane (GO:0031306),-0.42142363403971594,-0.7587274257440951,0.8375286041189931,0.9888424266267073,1.0,5/18,15.91%,OM45;GUT2;ALO1;TOM70;FZO1
prerank,microbody lumen (GO:0031907),-0.4415518455676841,-0.7584226410876473,0.8264563106796117,0.9795637524602938,1.0,4/13,21.72%,HYR1;POT1;DAL7;POX1
prerank,peroxisomal matrix (GO:0005782),-0.4415518455676841,-0.7584226410876473,0.8264563106796117,0.9795637524602938,1.0,4/13,21.72%,HYR1;POT1;DAL7;POX1
prerank,nuclear pre-replicative complex (GO:0005656),-0.4294866374330764,-0.7502550096850198,0.8467933491686461,0.9830699315129001,1.0,1/15,5.09%,NOC3
prerank,clathrin adaptor complex (GO:0030131),-0.44902951449072165,-0.7422310232304681,0.8246505717916137,0.9858595884972919,1.0,1/10,9.10%,APL3
prerank,cytosolic proteasome complex (GO:0031597),-0.3920260240614588,-0.7363919117135105,0.8529741863075196,0.9864530501453823,1.0,2/24,3.74%,RPN9;RPN8
prerank,clathrin coat of endocytic vesicle (GO:0030128),-0.4993999951018997,-0.7349361686984287,0.8511278195488722,0.9784190699358254,1.0,1/5,9.10%,APL3
prerank,AP-2 adaptor complex (GO:0030122),-0.4993999951018997,-0.7349361686984287,0.8511278195488722,0.9784190699358254,1.0,1/5,9.10%,APL3
prerank,mitotic spindle (GO:0072686),-0.45481913727056744,-0.7285848998792012,0.8315363881401617,0.9795850956498662,1.0,1/8,10.24%,ESP1
prerank,Piccolo NuA4 histone acetyltransferase complex (GO:0032777),-0.4710989650453399,-0.7199339071268616,0.8581979320531757,0.9820687945159726,1.0,2/6,34.38%,SAS3;EPL1
prerank,integral component of mitochondrial inner membrane (GO:0031305),-0.37929612107312094,-0.716914031465076,0.9017094017094017,0.9799819494786174,1.0,4/32,12.55%,FMP30;PIC2;QRI5;RCF1
prerank,perinuclear region of cytoplasm (GO:0048471),-0.421959342360581,-0.7070256398907396,0.8560411311053985,0.983546554545934,1.0,2/11,12.37%,YDJ1;LRO1
prerank,U5 snRNP (GO:0005682),0.32164212430301486,0.7054231891134669,0.8677248677248677,1.0,1.0,2/12,9.88%,SMD1;PRP28
prerank,peroxisome (GO:0005777),-0.35875228094650347,-0.6968511958259244,0.9080459770114943,0.9822433705841027,1.0,12/43,21.72%,GPD1;PEX5;CTT1;POT1;CAT2;PEX29;INP1;VPS34;DAL7;CIT2;RMD5;POX1
prerank,microbody (GO:0042579),-0.35875228094650347,-0.6968511958259244,0.9080459770114943,0.9822433705841027,1.0,12/43,21.72%,GPD1;PEX5;CTT1;POT1;CAT2;PEX29;INP1;VPS34;DAL7;CIT2;RMD5;POX1
prerank,nuclear heterochromatin (GO:0005720),0.38513677338596747,0.6954599813919252,0.8022388059701493,1.0,1.0,2/7,9.17%,HST4;SIR2
prerank,Set3 complex (GO:0034967),-0.45152263322836983,-0.6925627156521634,0.8708751793400287,0.9809806260693629,1.0,1/6,12.33%,SET3
prerank,U2-type spliceosomal complex (GO:0005684),-0.34854224469129813,-0.6910064495064125,0.9376278118609407,0.9776541735471459,1.0,4/56,10.76%,MUD1;NAM8;CBC2;NTC20
prerank,cytoplasmic exosome (RNase complex) (GO:0000177),-0.4086967407427013,-0.6833410338080609,0.870722433460076,0.9787334555211352,1.0,1/11,3.23%,DSS1
prerank,integral component of Golgi membrane (GO:0030173),-0.3871989281576731,-0.6811362528538176,0.9100591715976332,0.9760613564811965,1.0,1/15,5.80%,YIF1
prerank,spliceosomal snRNP complex (GO:0097525),-0.34546206315809547,-0.6735094866250575,0.9396462018730489,0.9767495018899569,1.0,2/47,3.90%,MUD1;NAM8
prerank,septin cytoskeleton (GO:0032156),0.32745997073924693,0.6639086004721728,0.8963963963963963,1.0,1.0,5/10,22.77%,SMT3;CDC10;CDC11;CDC12;CDC42
prerank,U6 snRNP (GO:0005688),-0.4110408419746873,-0.6630419404717768,0.9118457300275482,0.9795025148829809,1.0,2/8,24.23%,PRP24;LSM3
prerank,cellular bud neck septin ring (GO:0000144),0.31850631252156303,0.6524998374672752,0.9087301587301587,1.0,1.0,3/10,21.18%,CDC10;CDC11;CDC12
prerank,SCF ubiquitin ligase complex (GO:0019005),-0.36742187467717535,-0.6490374574621222,0.9176334106728539,0.9843068306892574,1.0,7/16,23.44%,YDR131C;MET30;HRT1;UFO1;MDM30;RAD7;YDR306C
prerank,ERMES complex (GO:0032865),0.3908579342315577,0.6489743868912018,0.8468468468468469,1.0,1.0,2/5,27.48%,MDM10;MDM34
prerank,U2-type catalytic step 2 spliceosome (GO:0071007),-0.3937895722237367,-0.6487384109954037,0.9042690815006468,0.9801472156286084,1.0,3/10,29.90%,MRN1;CWC2;PRP22
prerank,core mediator complex (GO:0070847),-0.3567318336193074,-0.6440816038348316,0.9187643020594966,0.9784589794419681,1.0,2/19,13.42%,SRB7;MED1
prerank,Hrd1p ubiquitin ligase ERAD-L complex (GO:0000839),-0.3621283264724755,-0.6197445905141645,0.9309090909090909,0.9885943218854124,1.0,3/12,21.85%,HRD3;UBX2;USA1
prerank,telomerase holoenzyme complex (GO:0005697),-0.38054034988451435,-0.5863967148901856,0.9404934687953556,1.0,1.0,2/7,18.62%,EST3;EST2
prerank,nuclear replication fork (GO:0043596),0.2858625115622352,0.5744106755553507,0.9393939393939394,1.0,1.0,2/9,16.99%,ECO1;CDC45
prerank,"chromosome, centromeric region (GO:0000775)",-0.33331095843448005,-0.572909472059462,0.9709794437726723,1.0,1.0,3/14,17.75%,RTS1;DCC1;CAC2
prerank,mitochondrial intermembrane space (GO:0005758),-0.29113368024760633,-0.5613736404047042,0.9907502569373073,1.0,1.0,7/48,18.24%,COX12;PDX3;PTC5;HYR1;CYB2;POT1;PRD1
prerank,NuA3 histone acetyltransferase complex (GO:0033100),0.3276192938965223,0.5473088420606667,0.9211356466876972,1.0,1.0,1/5,11.52%,EAF6
prerank,H3 histone acetyltransferase complex (GO:0070775),0.3276192938965223,0.5473088420606667,0.9211356466876972,1.0,1.0,1/5,11.52%,EAF6
prerank,NuA3a histone acetyltransferase complex (GO:1990467),0.3276192938965223,0.5473088420606667,0.9211356466876972,1.0,1.0,1/5,11.52%,EAF6
prerank,"transferase complex, transferring phosphorus-containing groups (GO:0061695)",-0.35702682094172683,-0.540221499096561,0.9631205673758865,1.0,1.0,3/6,33.46%,PFK1;PRS2;PRS1
prerank,ribose phosphate diphosphokinase complex (GO:0002189),0.31949741978909585,0.529763634026247,0.9376947040498442,1.0,1.0,5/5,68.09%,PRS4;PRS3;PRS5;PRS1;PRS2
prerank,TRAPPIII protein complex (GO:1990072),-0.332148528273727,-0.5289232780212951,0.9697802197802198,1.0,1.0,3/7,27.45%,BET5;TRS33;TRS31
prerank,alpha DNA polymerase:primase complex (GO:0005658),0.2921247475880637,0.5088079280399929,0.9667673716012085,1.0,1.0,5/5,70.82%,POB3;POL1;SPT16;PRI2;POL12
prerank,cytoplasmic vesicle (GO:0031410),-0.2869578951382532,-0.49447681759513434,0.9889025893958077,1.0,1.0,1/13,11.21%,CHS1
prerank,Swr1 complex (GO:0000812),-0.291129763432759,-0.48239376802051886,0.9827586206896551,1.0,1.0,4/10,25.93%,SWC5;SWC4;SWC3;VPS71
prerank,U2 snRNP (GO:0005686),-0.26764132651474926,-0.4815447854150693,0.9931584948688712,1.0,1.0,4/19,27.25%,IST3;HSH155;CUS2;SMX3
prerank,CMG complex (GO:0071162),-0.265205180648623,-0.43915753346140457,0.9962073324905183,1.0,1.0,2/10,19.34%,MCM3;PSF3
prerank,N-terminal protein acetyltransferase complex (GO:0031414),-0.27515310506736984,-0.4350879127241672,0.9930651872399445,1.0,1.0,2/8,29.05%,MDM20;MAK10
prerank,holo TFIIH complex (GO:0005675),0.22317018410417616,0.41155620035423585,0.9965277777777778,0.9988970081345651,1.0,8/8,77.72%,TFB5;CAK1;TFB3;TFB4;TFB2;RAD3;SSL1;TFB1
prerank,Rpd3L complex (GO:0033698),-0.24713225896135663,-0.3944282368581667,1.0,0.9987755769596294,1.0,4/8,38.14%,SDS3;ASH1;RXT3;PHO23
