RESIDUE_ID, RESIDUE_NAME, CHAIN, A3D_SCORE, AF_SCORE
12, K, A, -3.0484, 75.4000
13, R, A, -3.6666, 87.3600
14, Q, A, -2.3698, 91.7200
15, R, A, -2.1778, 93.8500
16, I, A, 0.0000, 95.2100
17, I, A, 0.0000, 97.2500
18, N, A, 0.0000, 96.6500
19, C, A, 0.0000, 98.0800
20, V, A, 0.0000, 96.3000
21, T, A, -0.1526, 93.8500
22, Q, A, -0.3500, 93.6800
23, L, A, 0.0000, 93.0000
24, P, A, -0.2652, 89.4700
25, Y, A, -0.4319, 90.0600
26, K, A, -0.8527, 90.1800
27, I, A, 0.0000, 92.5200
28, Q, A, -1.9365, 91.6000
29, L, A, 0.0000, 89.7000
30, G, A, -2.7303, 85.5100
31, E, A, -2.8780, 76.1100
32, S, A, -2.4215, 77.0700
33, N, A, -2.1379, 79.3100
34, D, A, -3.3258, 82.3500
35, D, A, -3.4761, 85.7000
36, W, A, -2.4811, 90.5300
37, K, A, -2.3055, 90.5000
38, I, A, 0.0000, 89.3000
39, S, A, -0.8461, 87.8300
40, A, A, -0.2234, 84.7500
41, T, A, -0.4024, 81.8000
42, T, A, -0.9860, 75.1900
43, G, A, -1.1571, 73.6900
44, N, A, -1.5002, 77.4100
45, S, A, -0.8706, 79.3900
46, A, A, 0.0000, 87.9100
47, L, A, 0.0000, 91.2000
48, F, A, -0.7308, 90.1200
49, S, A, -0.9945, 90.5000
50, S, A, 0.0000, 92.6000
51, L, A, 0.0000, 91.2500
52, E, A, -1.6515, 88.1200
53, Y, A, 0.0000, 89.9500
54, L, A, 0.0000, 90.0900
55, Q, A, -0.7853, 84.5200
56, F, A, 0.3936, 81.5600
57, D, A, -1.5298, 81.1100
58, S, A, -1.6118, 82.1200
59, T, A, -1.5651, 80.3200
60, E, A, -3.1416, 86.9500
61, Y, A, -2.2459, 90.2100
62, E, A, -2.2527, 91.8000
63, Q, A, 0.0000, 92.3700
64, H, A, 0.0000, 95.0000
65, V, A, 0.0000, 95.5000
66, V, A, 0.0000, 97.5400
67, G, A, 0.0000, 96.7000
68, W, A, 0.0000, 96.6500
69, T, A, 0.0000, 93.6700
70, G, A, 0.0000, 91.5000
71, E, A, -0.9735, 90.5100
72, I, A, 0.0000, 91.2300
73, T, A, -0.9738, 88.6700
74, R, A, -1.8254, 84.4100
75, T, A, -1.2955, 75.7500
96, L, A, 0.1563, 75.0500
97, Y, A, -0.0719, 76.5400
98, L, A, 0.0000, 82.7700
99, T, A, -1.8759, 82.5800
100, K, A, -2.8594, 84.7500
101, E, A, -3.2957, 85.4300
102, Q, A, -2.5420, 88.1900
103, I, A, 0.0000, 90.3500
104, N, A, -2.2090, 90.2200
105, G, A, -1.6943, 90.3900
106, L, A, 0.0000, 90.9900
107, T, A, -1.0987, 91.4700
108, T, A, -1.2684, 89.9300
109, T, A, -1.3570, 88.9200
110, L, A, 0.0000, 88.0200
111, Q, A, -1.9253, 86.8000
112, D, A, -2.6422, 83.1600
113, H, A, -1.9917, 76.8300
114, M, A, -1.4579, 70.2000
132, N, A, -2.0781, 75.2500
133, N, A, -1.2481, 89.3100
134, V, A, 0.0000, 92.0700
135, H, A, -0.6536, 95.4900
136, P, A, 0.0000, 96.2900
137, V, A, 0.0000, 96.7900
138, W, A, 0.0000, 94.7100
139, L, A, 0.0000, 93.8500
140, L, A, 0.0000, 89.4200
141, R, A, -1.4281, 83.5700
142, K, A, -2.1542, 81.4300
143, N, A, -1.8819, 87.0600
144, Q, A, -1.4010, 90.5600
145, S, A, -1.1430, 89.8400
146, R, A, -1.1356, 92.7300
147, W, A, 0.0000, 94.9600
148, R, A, -0.7028, 93.0000
149, N, A, -1.0034, 93.0100
150, Y, A, 0.0000, 95.1000
151, A, A, 0.0000, 95.3700
152, E, A, -0.6938, 92.4300
153, K, A, -1.0588, 90.5600
154, V, A, 0.0000, 93.2200
155, I, A, 0.0000, 95.7000
156, W, A, -0.0109, 94.5600
157, P, A, 0.0000, 93.1100
158, T, A, 0.0000, 94.9000
159, F, A, 0.0000, 96.4600
160, H, A, 0.0000, 95.0800
161, Y, A, 0.7257, 94.3400
162, I, A, 1.1855, 92.4600
163, L, A, 1.6156, 87.8600
164, N, A, -0.0054, 81.9200
165, P, A, -0.4095, 76.4100
168, E, A, -3.0556, 73.6300
169, G, A, -2.9248, 81.4400
170, E, A, -3.5184, 84.2900
171, Q, A, -2.9860, 90.5400
172, E, A, -2.8214, 91.1000
173, K, A, -2.7200, 92.3900
174, N, A, -2.1301, 93.4400
175, W, A, -1.3397, 94.9600
176, W, A, 0.0000, 96.4900
177, Y, A, -0.3840, 96.1700
178, D, A, 0.0000, 96.3700
179, Y, A, 0.0000, 98.0000
180, V, A, 0.0000, 98.0900
181, K, A, 0.0000, 97.3200
182, F, A, 0.0000, 97.9800
183, N, A, 0.0000, 98.4800
184, E, A, 0.0000, 98.0000
185, A, A, 0.0000, 97.6800
186, Y, A, 0.0000, 98.3500
187, A, A, 0.0000, 97.6600
188, Q, A, -1.3321, 96.5600
189, K, A, -1.2629, 97.1900
190, I, A, 0.0000, 97.5100
191, G, A, -1.4006, 95.3900
192, E, A, -2.1951, 94.8400
193, V, A, -1.2727, 94.6400
194, Y, A, 0.0000, 95.8200
195, R, A, -2.9906, 93.4200
196, K, A, -2.9362, 91.2000
197, G, A, -1.6602, 89.5400
198, D, A, 0.0000, 94.3400
199, I, A, 0.0000, 95.7600
200, I, A, 0.0000, 97.9200
201, W, A, 0.0000, 98.1000
202, I, A, 0.0000, 98.6700
203, H, A, 0.0000, 98.0800
204, D, A, -0.2861, 96.3700
205, Y, A, 0.0000, 97.4600
206, Y, A, 0.0000, 97.9900
207, L, A, 0.0000, 98.5500
208, L, A, 0.0000, 98.5100
209, L, A, 0.0000, 98.4900
210, L, A, 0.0000, 98.5300
211, P, A, 0.0000, 97.5700
212, Q, A, 0.0000, 95.7600
213, L, A, 0.0000, 96.9100
214, L, A, 0.0000, 96.6700
215, R, A, 0.0000, 93.6400
216, M, A, 0.0000, 92.9500
217, K, A, -0.7468, 92.0800
218, F, A, -1.0450, 90.1200
219, N, A, -1.9059, 80.3400
220, D, A, -2.1790, 78.8200
221, E, A, -2.7540, 75.7000
222, S, A, -1.5471, 82.1700
223, I, A, 0.0000, 90.2200
224, I, A, -0.5687, 94.1200
225, I, A, 0.0000, 96.3800
226, G, A, 0.0000, 97.6400
227, Y, A, 0.0000, 98.5900
228, F, A, 0.0000, 98.3900
229, H, A, 0.0000, 97.9500
230, H, A, -0.3316, 95.3000
231, A, A, 0.0000, 94.6400
232, P, A, 0.0000, 96.3300
233, W, A, 0.0000, 97.3200
234, P, A, 0.0000, 96.5800
235, S, A, -0.8757, 95.6700
236, N, A, -1.4182, 94.4500
237, E, A, -1.7775, 93.4500
238, Y, A, -0.2156, 95.0500
239, F, A, 0.0000, 96.1700
240, R, A, -1.8465, 94.2000
241, C, A, -0.2271, 93.5000
242, L, A, 0.0000, 93.7100
243, P, A, -0.9305, 90.5500
244, R, A, -1.1932, 93.5000
245, R, A, -1.2498, 94.8900
246, K, A, -1.0506, 93.9900
247, Q, A, -0.7333, 94.9800
248, I, A, 0.0000, 97.4700
249, L, A, 0.0000, 97.0200
250, D, A, 0.0000, 95.2400
251, G, A, 0.0000, 96.8100
252, L, A, 0.0000, 97.3400
253, V, A, 0.0000, 95.2300
254, G, A, 0.0000, 94.3600
255, A, A, 0.0000, 95.7400
256, N, A, -0.5698, 94.0300
257, R, A, 0.0000, 95.6100
258, I, A, 0.0000, 98.2100
259, C, A, 0.0000, 97.8300
260, F, A, 0.0000, 97.4100
261, Q, A, 0.0000, 94.9000
262, N, A, 0.0000, 92.4300
263, E, A, -1.5151, 93.7800
264, S, A, -1.1189, 93.8700
265, F, A, -0.6587, 96.4600
266, S, A, 0.0000, 96.8500
267, R, A, -1.9598, 97.1500
268, H, A, -1.2416, 97.4000
269, F, A, 0.0000, 98.1500
270, V, A, 0.0000, 97.5500
271, S, A, -1.4088, 96.9900
272, S, A, 0.0000, 96.3400
273, C, A, 0.0000, 95.4700
274, K, A, -2.3861, 94.3700
275, R, A, -2.8837, 92.8900
276, L, A, -1.8610, 91.4700
277, L, A, 0.0000, 91.3400
278, D, A, -2.8828, 90.0300
279, A, A, 0.0000, 91.8400
280, T, A, -1.7452, 91.7600
281, A, A, -2.0545, 93.1300
282, K, A, -2.8350, 93.8900
283, K, A, -3.3452, 95.2300
284, S, A, -2.5518, 93.1000
285, K, A, -2.7346, 90.9400
286, N, A, -1.9639, 86.9300
287, S, A, -1.2541, 82.9300
288, S, A, -1.5218, 82.6800
289, N, A, -2.1741, 85.6400
290, S, A, -1.6285, 88.2900
291, D, A, -2.0625, 92.7600
292, Q, A, -2.2845, 94.7200
293, Y, A, 0.0000, 95.9400
294, Q, A, -2.2526, 94.2000
295, V, A, 0.0000, 93.7000
296, S, A, -1.8842, 91.9700
297, V, A, 0.0000, 91.2200
298, Y, A, 0.0000, 89.2600
299, G, A, -2.0004, 83.8700
300, G, A, -1.7594, 86.1600
301, D, A, -2.1672, 89.5000
302, V, A, 0.0000, 93.0100
303, L, A, 0.0000, 94.8500
304, V, A, 0.0000, 97.3200
305, D, A, 0.0000, 96.4400
306, S, A, -0.4616, 95.7500
307, L, A, -0.3998, 95.3600
308, P, A, -0.2111, 95.3500
309, I, A, 0.0000, 95.7600
310, G, A, 0.0000, 94.4900
311, V, A, 0.0000, 95.7900
312, N, A, -0.6862, 94.7000
313, T, A, -0.4472, 95.4800
314, T, A, -0.6846, 93.2300
315, Q, A, -1.0514, 91.8800
316, I, A, -0.5118, 94.6300
317, L, A, -0.7341, 95.2900
318, K, A, -1.7121, 94.0800
319, D, A, -1.6917, 93.8600
320, A, A, 0.0000, 94.8600
321, F, A, -0.7440, 94.7400
322, T, A, -1.7832, 94.7500
323, K, A, -2.7452, 93.9900
324, D, A, -3.0214, 94.8600
325, I, A, 0.0000, 95.1200
326, D, A, -1.4873, 95.3400
327, S, A, -1.3567, 95.5400
328, K, A, -1.4760, 95.7800
329, V, A, 0.0000, 95.8600
330, L, A, 0.1856, 95.3100
331, S, A, -0.6326, 96.1200
332, I, A, -0.5856, 95.5700
333, K, A, -1.5109, 94.3900
334, Q, A, -1.8718, 95.4200
335, A, A, -1.0097, 94.9300
336, Y, A, -1.4572, 94.7600
337, Q, A, -2.6121, 92.2500
338, N, A, -2.6516, 92.0400
339, K, A, -2.4020, 95.8800
340, K, A, -1.5293, 97.3300
341, I, A, 0.0000, 98.3100
342, I, A, 0.0000, 98.6700
343, I, A, 0.0000, 98.3700
344, G, A, 0.0000, 97.4200
345, R, A, -0.9978, 95.3800
346, D, A, 0.0000, 94.3800
347, R, A, -1.4197, 91.4300
348, L, A, 0.0000, 92.7900
349, D, A, -0.7973, 91.0900
350, S, A, -0.5788, 89.1000
351, V, A, 0.0000, 93.0100
352, R, A, -0.6871, 94.2700
353, G, A, 0.0000, 95.9900
354, V, A, 0.0000, 97.6900
355, V, A, -0.3381, 97.8900
356, Q, A, -0.5832, 98.2800
357, K, A, 0.0000, 98.4000
358, L, A, 0.0000, 98.6700
359, R, A, -1.3613, 98.4700
360, A, A, 0.0000, 98.6400
361, F, A, 0.0000, 98.7500
362, E, A, -1.2807, 98.6600
363, T, A, -0.5003, 98.6500
364, F, A, 0.0000, 98.7500
365, L, A, 0.0000, 98.6700
366, A, A, -0.4269, 98.3600
367, M, A, 0.0717, 98.5100
368, Y, A, -0.6138, 98.3500
369, P, A, -1.2398, 97.7400
370, E, A, -2.1593, 97.2400
371, W, A, 0.0000, 97.6900
372, R, A, -2.1429, 96.3200
373, D, A, -2.5998, 94.9600
374, Q, A, -2.6564, 97.3500
375, V, A, 0.0000, 98.3400
376, V, A, 0.0000, 98.5000
377, L, A, 0.0000, 98.7200
378, I, A, 0.0000, 98.4900
379, Q, A, 0.0000, 98.4800
380, V, A, 0.0000, 97.5500
381, S, A, 0.0000, 95.3600
382, S, A, -0.8120, 91.3500
383, P, A, -0.5901, 87.8600
384, T, A, -0.6227, 82.2700
385, A, A, -0.4622, 72.4200
386, N, A, -1.1399, 71.3100
388, N, A, -1.4471, 74.5400
389, S, A, -1.3061, 79.5300
390, P, A, -1.4033, 83.5000
391, Q, A, -2.1038, 82.6600
392, T, A, -1.5372, 86.1600
393, I, A, -1.2615, 90.4500
394, R, A, -2.5631, 92.0700
395, L, A, -1.8945, 93.0700
396, E, A, -1.9849, 93.9800
397, Q, A, -2.8842, 95.7000
398, Q, A, -2.4525, 97.0600
399, V, A, 0.0000, 97.6900
400, N, A, -2.9041, 97.5100
401, E, A, -3.2146, 98.2200
402, L, A, -2.0861, 98.3300
403, V, A, -1.9150, 98.5400
404, N, A, -2.6338, 98.0900
405, S, A, -2.1044, 98.2000
406, I, A, 0.0000, 98.4600
407, N, A, -1.8377, 98.3100
408, S, A, -1.7645, 97.2400
409, E, A, -2.4245, 97.6500
410, Y, A, -1.6287, 97.8300
411, G, A, -1.5168, 95.1700
412, N, A, -0.9786, 92.9600
413, L, A, 0.5110, 90.0200
414, N, A, -0.9113, 89.7800
415, F, A, 0.0000, 94.4800
416, S, A, -0.9381, 97.0200
417, P, A, 0.0000, 97.9100
418, V, A, 0.0000, 98.6000
419, Q, A, -0.1975, 98.0400
420, H, A, -0.1162, 97.9900
421, Y, A, 0.3707, 96.8300
422, Y, A, 0.3091, 94.0900
423, M, A, 0.0224, 92.7500
424, R, A, -1.7092, 88.7200
425, I, A, -0.9354, 91.4200
426, P, A, -1.3687, 91.4700
427, K, A, -2.2225, 91.1800
428, D, A, -1.8535, 94.4600
429, V, A, -0.6286, 94.9800
430, Y, A, -0.8626, 95.2500
431, L, A, 0.0000, 95.8700
432, S, A, 0.0000, 96.4700
433, L, A, 0.0000, 96.7600
434, L, A, 0.0000, 96.9600
435, R, A, 0.0000, 96.0500
436, V, A, 0.0000, 96.1500
437, A, A, 0.0000, 97.1700
438, D, A, -0.3623, 97.4900
439, L, A, 0.0000, 98.3500
440, C, A, 0.0000, 98.3800
441, L, A, 0.0000, 98.5400
442, I, A, 0.0000, 97.8100
443, T, A, 0.0000, 97.7100
444, S, A, 0.0000, 96.4300
445, V, A, -0.0509, 95.6400
446, R, A, -0.3098, 92.1200
447, D, A, 0.0000, 90.7400
448, G, A, 0.0000, 91.2900
449, M, A, -0.0606, 93.5000
450, N, A, 0.0000, 92.9400
451, T, A, -0.1678, 93.5900
452, T, A, 0.0000, 94.9200
453, A, A, 0.0000, 96.3100
454, L, A, 0.0000, 96.9700
455, E, A, 0.0000, 96.3000
456, Y, A, 0.0000, 97.2800
457, V, A, 0.0000, 96.9700
458, T, A, 0.0000, 96.6700
459, V, A, 0.0000, 96.3600
460, K, A, 0.0000, 95.5200
461, S, A, -0.1892, 93.6700
462, H, A, 0.0549, 91.7300
463, M, A, 0.9016, 85.2500
464, S, A, 0.0000, 80.9300
465, N, A, -0.4386, 78.5200
466, F, A, 0.6786, 82.5700
467, L, A, 1.5291, 80.5100
468, C, A, 0.0000, 83.6900
469, Y, A, 0.3399, 87.7400
470, G, A, 0.0000, 89.2300
471, N, A, -0.6160, 94.9500
472, P, A, 0.0000, 96.9900
473, L, A, 0.0000, 97.7000
474, I, A, 0.0000, 98.3900
475, L, A, 0.0000, 97.3200
476, S, A, 0.0000, 97.6600
477, E, A, -1.4174, 95.9800
478, F, A, -0.5353, 94.9600
479, S, A, 0.0000, 93.0500
480, G, A, 0.0000, 90.1300
481, S, A, 0.0000, 93.3100
482, S, A, -1.2448, 93.7300
483, N, A, -2.1670, 90.9500
484, V, A, -1.3484, 92.9500
485, L, A, 0.0000, 95.5900
486, K, A, -2.6174, 90.9900
487, D, A, -1.8934, 94.1200
488, A, A, 0.0000, 94.8000
489, I, A, 0.2418, 97.6800
490, V, A, 0.2311, 97.5700
491, V, A, 0.0000, 98.1400
492, N, A, -0.5351, 98.0400
493, P, A, 0.0000, 97.3500
494, W, A, 0.4304, 97.1000
495, D, A, -0.6346, 98.1400
496, S, A, -0.5686, 97.9300
497, V, A, 0.1738, 98.5600
498, A, A, -0.3713, 98.3100
499, V, A, 0.0000, 98.6400
500, A, A, 0.0000, 98.7500
501, K, A, -1.1749, 98.7300
502, S, A, 0.0000, 98.6000
503, I, A, 0.0000, 98.7300
504, N, A, -0.7965, 98.6600
505, M, A, -0.5091, 98.2700
506, A, A, 0.0000, 98.0900
507, L, A, 0.0000, 97.5600
508, K, A, -2.2092, 97.0300
509, L, A, -2.3965, 96.7200
510, D, A, -3.7825, 95.2600
511, K, A, -4.1167, 91.7800
512, E, A, -4.1860, 94.3800
513, E, A, -3.9928, 95.8900
514, K, A, -3.0791, 95.0600
515, S, A, -2.7690, 92.2700
516, N, A, -3.0387, 95.0500
517, L, A, -1.9983, 95.8700
518, E, A, -1.7768, 95.0200
519, S, A, -1.9514, 94.4000
520, K, A, -2.8363, 95.8900
521, L, A, 0.0000, 96.6900
522, W, A, -1.4401, 95.0100
523, K, A, -2.6059, 94.6500
524, E, A, -2.6598, 95.2600
525, V, A, 0.0000, 96.7900
526, P, A, -0.9059, 95.4200
527, T, A, -0.8067, 96.0000
528, I, A, 0.0000, 95.0600
529, Q, A, -1.6451, 94.3000
530, D, A, -2.2503, 94.2900
531, W, A, 0.0000, 95.9500
532, T, A, 0.0000, 95.8500
533, N, A, -2.0236, 94.5300
534, K, A, -2.4906, 94.6500
535, F, A, 0.0000, 95.4300
536, L, A, 0.0000, 94.9100
537, S, A, -1.6894, 92.1200
538, S, A, -1.7092, 90.4900
539, L, A, 0.0000, 91.6500
540, K, A, -1.7862, 88.8300
541, E, A, -2.4637, 86.2500
542, Q, A, -1.5360, 81.0500
543, A, A, -1.1378, 80.4600
544, S, A, -1.2002, 76.9300
545, S, A, -0.9681, 70.5400
552, K, A, -2.6029, 72.6900
553, M, A, -1.9188, 85.3900
554, T, A, 0.0000, 91.2500
555, P, A, -0.7298, 93.1100
556, A, A, -0.1807, 94.1500
557, L, A, 0.0000, 95.3700
558, N, A, -0.1373, 95.4000
559, R, A, 0.0000, 95.3500
560, P, A, 0.0000, 94.1900
561, V, A, -0.5506, 93.7400
562, L, A, 0.0000, 95.9800
563, L, A, -1.2056, 95.8200
564, E, A, -2.4206, 94.3000
565, N, A, 0.0000, 95.4400
566, Y, A, 0.0000, 96.8100
567, K, A, -2.9189, 95.0100
568, Q, A, -2.5625, 94.6900
569, A, A, 0.0000, 95.6400
570, K, A, -2.8096, 94.9800
571, R, A, -2.1173, 96.6600
572, R, A, 0.0000, 97.6300
573, L, A, 0.0000, 98.0800
574, F, A, 0.0000, 98.3400
575, L, A, 0.0000, 97.8200
576, F, A, 0.0000, 97.1200
577, D, A, 0.0000, 95.1200
578, Y, A, 0.0000, 93.8500
579, D, A, -0.0709, 89.2400
580, G, A, 0.0000, 89.6000
581, T, A, 0.0000, 93.9200
582, L, A, 0.0000, 94.1100
583, T, A, 0.0000, 91.0600
584, P, A, 0.5189, 86.4100
585, I, A, 1.6340, 80.0400
586, V, A, 0.6686, 83.1000
587, K, A, -1.3766, 77.4900
588, D, A, -1.3379, 82.2000
589, P, A, -0.5117, 77.2200
590, A, A, -0.2177, 82.9800
591, A, A, 0.1588, 85.7800
592, A, A, 0.0000, 86.1000
593, I, A, 1.0881, 90.7100
594, P, A, 0.0000, 91.8600
595, S, A, -0.3810, 93.0000
596, A, A, -0.7158, 93.3000
597, R, A, -1.8470, 94.1900
598, L, A, 0.0000, 95.3800
599, Y, A, -0.9782, 94.8100
600, T, A, -1.2095, 95.9200
601, I, A, 0.0000, 96.8500
602, L, A, 0.0000, 97.1800
603, Q, A, -1.6475, 96.4200
604, K, A, -1.4061, 97.2300
605, L, A, 0.0000, 97.0600
606, C, A, -0.9320, 95.6600
607, A, A, -0.8924, 95.1800
608, D, A, -0.9295, 96.0400
609, P, A, -1.0675, 94.0700
610, H, A, -1.4774, 96.1000
611, N, A, -1.1376, 97.5700
612, Q, A, 0.0000, 96.7400
613, I, A, 0.0000, 97.0000
614, W, A, 0.0000, 96.5400
615, I, A, 0.0000, 96.1900
616, I, A, 0.0000, 94.2100
617, S, A, 0.0000, 91.0700
618, G, A, -1.4100, 86.3800
619, R, A, -1.8264, 89.3900
620, D, A, -2.5374, 89.9500
621, Q, A, -2.2411, 91.5900
622, K, A, -2.8000, 91.3200
623, F, A, -1.6750, 92.6300
624, L, A, 0.0000, 93.1700
625, N, A, -2.4346, 93.1400
626, K, A, -2.6038, 92.5200
627, W, A, -1.0619, 92.3400
628, L, A, 0.0000, 93.3600
629, G, A, 0.0000, 90.4100
630, G, A, -2.2837, 89.1000
631, K, A, -2.3921, 90.6900
632, L, A, 0.0000, 93.7400
633, P, A, -1.2005, 92.7000
634, Q, A, -1.1040, 94.4300
635, L, A, 0.0000, 95.5000
636, G, A, 0.0000, 95.3100
637, L, A, 0.0000, 95.7900
638, S, A, 0.0000, 93.2800
639, A, A, 0.0000, 90.9500
640, E, A, -1.6793, 85.2400
641, H, A, -1.1354, 73.8200
642, G, A, 0.0000, 77.6000
643, C, A, 0.0000, 80.8400
644, F, A, -0.4117, 88.7300
645, M, A, 0.0000, 90.1900
646, K, A, 0.0000, 92.5200
647, D, A, -0.8625, 91.8400
648, V, A, -0.3896, 90.4400
649, S, A, -0.7214, 88.3000
650, C, A, -1.0154, 88.1200
651, Q, A, -2.0622, 85.2000
652, D, A, -2.2086, 89.1200
653, W, A, -0.8555, 90.0600
654, V, A, -0.1181, 87.9400
655, N, A, -0.0691, 83.6800
656, L, A, 0.6943, 76.7200
661, D, A, -1.6985, 71.9400
662, M, A, -0.7758, 78.6700
663, S, A, -0.4776, 82.5700
664, W, A, 0.0000, 86.9200
665, Q, A, -1.0080, 89.2200
666, V, A, 0.2156, 89.1800
667, R, A, -1.6494, 90.8500
668, V, A, 0.0000, 93.3600
669, N, A, -2.1155, 94.7000
670, E, A, -2.9588, 94.3800
671, V, A, 0.0000, 94.9000
672, M, A, 0.0000, 97.0800
673, E, A, -3.2610, 95.7700
674, E, A, -3.0653, 94.9900
675, F, A, 0.0000, 95.8900
676, T, A, -1.7279, 94.9100
677, T, A, -1.7928, 93.9300
678, R, A, -2.4959, 93.0200
679, T, A, 0.0000, 93.1200
680, P, A, -0.6691, 91.1600
681, G, A, -1.0520, 91.1200
682, S, A, -0.9109, 94.8800
683, F, A, -0.1825, 94.9100
684, I, A, 0.0000, 95.5500
685, E, A, -1.8223, 91.8700
686, R, A, -3.2402, 87.7300
687, K, A, -3.3285, 78.9800
688, K, A, -2.8285, 71.0600
689, V, A, -1.4527, 74.0800
690, A, A, 0.0000, 83.3900
691, L, A, 0.0000, 90.8200
692, T, A, 0.0000, 92.5600
693, W, A, 0.0000, 96.4600
694, H, A, 0.0000, 95.2000
695, Y, A, 0.0000, 93.8600
696, R, A, -2.9464, 89.6700
697, R, A, -2.3833, 88.3600
698, T, A, -1.1393, 89.3200
699, V, A, 0.4016, 87.3100
700, P, A, -1.0172, 83.2600
701, E, A, -1.3135, 88.5400
702, L, A, -0.0947, 89.7300
703, G, A, 0.0000, 91.3300
704, E, A, -2.0277, 90.8200
705, F, A, -0.0129, 92.1100
706, H, A, -1.3593, 95.9700
707, A, A, 0.0000, 94.5700
708, K, A, -3.1122, 93.6100
709, E, A, -2.7859, 95.6700
710, L, A, 0.0000, 96.3400
711, K, A, -2.5311, 94.8600
712, E, A, -3.0891, 94.1900
713, K, A, -2.4591, 94.9800
714, L, A, 0.0000, 95.0600
715, L, A, -0.9756, 91.9600
716, S, A, -1.2011, 90.6600
717, F, A, 0.0000, 89.6300
718, T, A, 0.0000, 87.1300
719, D, A, -3.0601, 81.5600
720, D, A, -2.7584, 82.0700
721, F, A, -2.0494, 81.8000
722, D, A, -2.8025, 81.4300
723, L, A, 0.0000, 86.1300
724, E, A, -1.1248, 85.0600
725, V, A, 0.0000, 89.0500
726, M, A, -1.0546, 83.8500
727, D, A, -2.5613, 84.5400
728, G, A, -2.0422, 78.0900
729, K, A, -2.5594, 79.5800
730, A, A, -2.5381, 87.7500
731, N, A, -1.8565, 92.8200
732, I, A, 0.0000, 93.8700
733, E, A, -1.1827, 91.0600
734, V, A, 0.0000, 90.2600
735, R, A, 0.0000, 85.4200
736, P, A, -0.9290, 81.8000
737, R, A, -1.3452, 75.8200
738, F, A, 0.0457, 71.4400
739, V, A, 0.0000, 73.8300
740, N, A, -0.5631, 78.7600
741, K, A, 0.0000, 86.8200
742, G, A, 0.0000, 87.5300
743, E, A, -0.9879, 87.1400
744, I, A, 0.0000, 89.4100
745, V, A, 0.0000, 93.4400
746, K, A, -0.9072, 92.3000
747, R, A, -0.9457, 91.2900
748, L, A, 0.0000, 93.4000
749, V, A, 0.0000, 94.2600
750, W, A, 0.0000, 91.7800
751, H, A, -1.3120, 92.2000
752, Q, A, -1.6065, 91.1000
753, H, A, -1.8747, 92.0400
754, G, A, -1.6147, 88.6300
755, K, A, -2.1383, 90.2600
756, P, A, -1.4101, 87.5600
757, Q, A, -1.3600, 85.1200
758, D, A, -1.5314, 84.6000
759, M, A, 0.0000, 80.4200
760, L, A, 0.3638, 76.6500
761, K, A, -1.4560, 78.6000
762, G, A, -1.0563, 74.4800
763, I, A, -0.8672, 80.7300
764, S, A, -1.2957, 80.8500
765, E, A, -1.8169, 83.7700
766, K, A, -2.1293, 84.2600
767, L, A, -1.5389, 85.7900
768, P, A, -1.6415, 87.3800
769, K, A, -2.0359, 86.1000
770, D, A, -2.6981, 90.0200
771, E, A, -2.2887, 91.9400
772, M, A, 0.0000, 93.4800
773, P, A, 0.0000, 95.4600
774, D, A, -1.6453, 94.7500
775, F, A, 0.0000, 97.3800
776, V, A, 0.0000, 98.0700
777, L, A, 0.0000, 98.4500
778, C, A, 0.0000, 98.2900
779, L, A, 0.0000, 97.9800
780, G, A, 0.0000, 94.8700
781, D, A, -0.7106, 91.8100
782, D, A, -0.3439, 86.8400
783, F, A, 0.9197, 83.3200
784, T, A, 0.3191, 83.9900
785, D, A, 0.0000, 91.9500
786, E, A, -0.7044, 91.7200
787, D, A, -1.2451, 91.2800
788, M, A, 0.0000, 94.6200
789, F, A, 0.0000, 95.9300
790, R, A, -2.2026, 94.9300
791, Q, A, -1.5801, 94.8700
792, L, A, 0.0000, 96.2000
793, N, A, -1.1130, 95.0200
794, T, A, -0.9552, 94.7600
795, I, A, 0.0000, 93.7700
796, E, A, 0.0000, 93.1000
797, T, A, -1.3566, 93.1600
798, C, A, -1.5720, 91.4400
799, W, A, 0.0000, 92.0000
800, K, A, -3.7134, 91.9200
801, E, A, -3.5785, 92.1800
802, K, A, -3.2983, 90.3100
803, Y, A, -2.8810, 90.4200
804, P, A, -3.2093, 89.2200
805, D, A, -3.4872, 90.8100
806, Q, A, -3.3864, 89.7500
807, K, A, -3.1416, 90.5900
808, N, A, -2.1092, 90.1300
809, Q, A, -1.7067, 88.8700
810, W, A, -0.9119, 87.4300
811, G, A, -1.4611, 86.8300
812, N, A, -1.4210, 89.2800
813, Y, A, 0.0000, 93.0700
814, G, A, 0.0000, 93.8700
815, F, A, 0.0000, 95.8500
816, Y, A, -0.1464, 96.8600
817, P, A, 0.0000, 96.7800
818, V, A, 0.0000, 96.9900
819, T, A, 0.0000, 95.5600
820, V, A, 0.0000, 94.3500
821, G, A, -1.1422, 88.8300
822, S, A, -1.5365, 81.3100
823, A, A, 0.0000, 83.4400
824, S, A, -1.9423, 82.6200
825, K, A, -2.7310, 81.4100
826, K, A, -2.5224, 82.5900
827, T, A, -1.5566, 88.9700
828, V, A, -1.0470, 91.3900
829, A, A, 0.0000, 93.4100
830, K, A, -1.1133, 92.9800
831, A, A, 0.0000, 94.5800
832, H, A, 0.0000, 95.1300
833, L, A, 0.0000, 95.2000
834, T, A, 0.0000, 91.2100
835, D, A, -0.9437, 89.1300
836, P, A, -0.7214, 91.5600
837, Q, A, -1.3500, 91.5200
838, Q, A, 0.0000, 93.2000
839, V, A, 0.0000, 95.9400
840, L, A, -0.8261, 95.1400
841, E, A, -0.5657, 94.4800
842, T, A, 0.0000, 97.0600
843, L, A, 0.0000, 97.5700
844, G, A, 0.0000, 96.4200
845, L, A, 0.0000, 96.5000
846, L, A, 0.0000, 96.8500
847, V, A, -0.6564, 95.8000
848, G, A, -1.0030, 92.8400
849, D, A, -1.4548, 92.8700
850, V, A, -0.5567, 91.8200
851, S, A, -0.2363, 90.8800
852, L, A, 0.1871, 90.2200
853, F, A, 0.1223, 91.2700
854, Q, A, -0.3031, 89.4800
855, S, A, -0.0910, 88.0900
856, A, A, 0.0192, 88.7200
857, G, A, 0.0000, 92.1300
858, T, A, -0.5283, 91.1600
859, V, A, 0.0000, 91.5000
860, D, A, -2.4316, 90.1600
861, L, A, 0.0000, 92.8000
862, D, A, -1.3843, 90.8300
863, S, A, -0.6777, 88.4600
864, R, A, -0.9982, 87.1400
865, G, A, 0.0000, 89.3700
866, H, A, -1.1358, 90.2500
867, V, A, -1.4092, 89.2900
868, K, A, -2.7449, 86.6800
869, N, A, -2.6887, 84.7300
870, S, A, -1.9300, 86.1900
871, E, A, -2.6098, 82.8700
872, S, A, -1.7734, 83.1800
873, S, A, 0.0000, 84.7400
874, L, A, -1.2098, 85.4800
875, K, A, -2.1381, 83.0600
876, S, A, -1.3955, 79.8100
877, K, A, -1.7438, 79.2100
878, L, A, -0.5299, 79.8100
879, A, A, -0.6196, 74.3100
880, S, A, -0.8483, 70.3600
881, K, A, -1.7597, 71.0100
882, A, A, -0.6799, 71.8700
