,number of physical interaction,number of positive genetic interaction,number of negative genetic interaction
YLR418C,41,63.0,221.0
YOL145C,25,41.0,44.0
YOR123C,12,46.0,180.0
YBR279W,28,,3.0
YML069W,38,34.0,256.0
YGL244W,24,31.0,194.0
YGL207W,233,1.0,29.0
YER164W,46,75.0,181.0
YIL035C,141,5.0,37.0
YOR061W,78,48.0,35.0
YDL209C,42,,
YLR424W,42,5.0,70.0
YNL245C,5,99.0,268.0
YIR010W,494,5.0,116.0
YPL233W,22,10.0,189.0
YJL091C,6,62.0,218.0
YNL124W,88,15.0,101.0
YJL072C,15,4.0,77.0
YDL140C,244,313.0,406.0
YIL021W,549,43.0,252.0
YGR186W,22,5.0,77.0
YGR005C,27,16.0,145.0
YPL129W,83,43.0,113.0
YML010W,103,,
YPL063W,18,12.0,94.0
YDR288W,13,24.0,203.0
YDR365C,57,14.0,111.0
YFR003C,4,10.0,126.0
YGR002C,22,83.0,208.0
YGR046W,1,40.0,80.0
YGR198W,9,6.0,57.0
YHR066W,66,18.0,69.0
YHR085W,14,27.0,76.0
YJL010C,52,23.0,149.0
YJR012C,4,,
YJR136C,2,57.0,144.0
YKL088W,13,,
YKL195W,32,74.0,90.0
YKR038C,7,7.0,92.0
YKR079C,4,2.0,4.0
YLL034C,24,,
YLR132C,8,,
YLR145W,11,10.0,79.0
YML023C,17,32.0,262.0
YNL260C,3,18.0,101.0
YNL313C,13,3.0,9.0
YPR169W,2,2.0,32.0
YGR152C,8,1.0,7.0
YLR229C,30,4.0,81.0
YER006W,51,8.0,98.0
YJL168C,42,34.0,184.0
YOL034W,29,11.0,77.0
YMR049C,51,6.0,61.0
YGR103W,85,16.0,44.0
YGR128C,40,47.0,250.0
YJL109C,431,,
YDR324C,60,10.0,115.0
YHR196W,58,19.0,102.0
YLR409C,58,19.0,139.0
YLR222C,23,8.0,90.0
YJL069C,47,11.0,92.0
YGR090W,74,,5.0
YOR039W,22,21.0,210.0
YPL147W,8,3.0,43.0
YGR264C,9,14.0,65.0
YGR162W,267,4.0,1.0
YER049W,6,5.0,46.0
YPL263C,5,,23.0
YGL078C,13,11.0,53.0
YGR159C,15,,
YOR310C,147,6.0,101.0
YLR410W,17,64.0,156.0
YHR089C,33,12.0,70.0
YGR283C,26,3.0,30.0
YHR052W,115,,
YKR024C,14,11.0,79.0
YER025W,26,137.0,185.0
YDR060W,117,8.0,66.0
YMR229C,92,5.0,84.0
YOR206W,94,,
YOR361C,36,5.0,46.0
YJL122W,38,,16.0
YJL033W,59,16.0,77.0
YJL050W,81,16.0,129.0
YOR001W,383,32.0,145.0
YOL076W,4,20.0,110.0
YPR131C,5,1.0,8.0
YLR002C,21,3.0,69.0
YOR243C,5,4.0,50.0
YJL098W,39,4.0,25.0
YDL047W,56,13.0,7.0
YDR293C,33,181.0,397.0
YER172C,74,60.0,382.0
YER146W,39,,
YGL173C,46,42.0,144.0
YCR077C,63,147.0,256.0
YLR438C-A,45,35.0,233.0
YDR378C,30,48.0,239.0
YDR473C,30,4.0,78.0
YDR117C,4,37.0,168.0
YDR429C,28,9.0,17.0
YBR154C,30,11.0,61.0
YDR432W,69,12.0,19.0
YPR137W,37,7.0,26.0
YOL021C,35,6.0,107.0
YDR280W,33,3.0,26.0
YGR095C,19,,
YHR081W,11,26.0,16.0
YPR110C,68,12.0,51.0
YJL148W,18,51.0,159.0
YJL011C,18,,2.0
YKL144C,16,236.0,185.0
YNR003C,22,7.0,76.0
YOR116C,31,13.0,98.0
YOR341W,30,12.0,159.0
YNL248C,18,141.0,251.0
YMR131C,13,6.0,59.0
YPL178W,168,19.0,17.0
YMR125W,69,17.0,32.0
YDR364C,8,3.0,89.0
YDR083W,4,13.0,48.0
YDR138W,25,11.0,7.0
YML062C,21,11.0,99.0
YDL084W,15,5.0,100.0
YNL139C,13,,2.0
YHR167W,26,29.0,187.0
YMR091C,27,,
YDR303C,35,2.0,36.0
YLR033W,19,11.0,127.0
YFR037C,29,25.0,174.0
YLR357W,33,7.0,30.0
YKR008W,24,20.0,128.0
YGR275W,45,7.0,8.0
YML127W,15,4.0,145.0
YOL135C,65,30.0,164.0
YER022W,72,6.0,88.0
YGR104C,58,,
YAL043C,33,1.0,91.0
YBR123C,22,12.0,136.0
YBR119W,73,7.0,36.0
YKL012W,29,4.0,102.0
YDR240C,35,2.0,44.0
YGL043W,19,28.0,149.0
YDR101C,89,4.0,40.0
YOL041C,13,15.0,41.0
YLR196W,33,29.0,83.0
YGR245C,43,1.0,78.0
YBR267W,26,7.0,49.0
YOR112W,8,1.0,21.0
YHR027C,358,24.0,86.0
YHR200W,368,49.0,150.0
YDL097C,36,64.0,271.0
YOR261C,25,83.0,322.0
YFR010W,40,23.0,212.0
YGL048C,50,42.0,179.0
YMR309C,34,13.0,152.0
YDR091C,47,14.0,37.0
YOR260W,13,32.0,184.0
YDR211W,11,3.0,34.0
YLR347C,51,41.0,215.0
YNL189W,135,29.0,147.0
YLL036C,115,2.0,15.0
YKL059C,21,32.0,177.0
YLR432W,20,2.0,46.0
YGR173W,11,9.0,36.0
YDR152W,6,7.0,8.0
YPR103W,36,32.0,151.0
YOL038W,36,26.0,115.0
YML092C,156,28.0,81.0
YNL141W,2,,
YBL074C,5,50.0,120.0
YOR335C,3,20.0,97.0
YDR361C,7,4.0,44.0
YAL021C,38,18.0,107.0
YCR093W,28,8.0,172.0
YMR128W,479,,7.0
YGL099W,61,6.0,29.0
YGL122C,160,44.0,172.0
YMR080C,56,2.0,53.0
YJL061W,25,5.0,120.0
YBL017C,3,,19.0
YDR496C,60,14.0,31.0
YPL212C,5,3.0,18.0
YNL292W,3,1.0,26.0
YOL010W,12,2.0,8.0
YBR049C,19,253.0,319.0
YNL282W,13,64.0,234.0
YMR239C,15,31.0,153.0
YDL051W,3,8.0,34.0
YIL078W,2,58.0,183.0
YDR172W,135,49.0,167.0
YDR120C,4,4.0,60.0
YDL112W,3,23.0,33.0
YBR061C,3,1.0,14.0
YPL183C,5,2.0,35.0
YLR435W,15,4.0,1.0
YBL039C,35,2.0,53.0
YBR025C,3,2.0,31.0
YKL014C,68,,
YGR187C,48,14.0,53.0
YBR236C,4,44.0,212.0
YNR016C,7,21.0,149.0
YLR359W,2,6.0,21.0
YMR300C,4,9.0,25.0
YPR180W,4,22.0,191.0
YLR127C,13,17.0,59.0
YBR128C,34,7.0,37.0
YKL135C,18,3.0,55.0
YBL037W,7,1.0,19.0
YPL195W,526,7.0,72.0
YGR261C,14,16.0,74.0
YBR288C,5,20.0,116.0
YIL062C,5,50.0,222.0
YLR370C,8,3.0,155.0
YNR035C,8,19.0,259.0
YJR065C,13,293.0,321.0
YDL029W,36,17.0,160.0
YBR234C,17,5.0,52.0
YHR013C,21,16.0,58.0
YDL040C,23,,27.0
YDR127W,15,24.0,187.0
YJL115W,83,16.0,116.0
YJR148W,4,16.0,65.0
YDL070W,8,9.0,53.0
YBR200W,56,41.0,233.0
YKR068C,18,7.0,117.0
YBR254C,14,33.0,259.0
YJL031C,4,219.0,507.0
YDR099W,245,4.0,38.0
YAR014C,62,30.0,84.0
YLR074C,75,72.0,58.0
YKL007W,5,2.0,46.0
YIL034C,6,10.0,117.0
YPL111W,8,,31.0
YHR086W,62,8.0,48.0
YLR175W,102,64.0,65.0
YAL035W,36,,
YER168C,2,13.0,103.0
YPR025C,14,9.0,89.0
YNR052C,29,,16.0
YFR028C,169,12.0,126.0
YAL041W,37,19.0,219.0
YBR160W,561,34.0,234.0
YBR135W,42,31.0,227.0
YLR314C,106,137.0,385.0
YOL139C,33,,
YDL165W,23,8.0,140.0
YLR103C,31,4.0,101.0
YBR202W,44,5.0,80.0
YDL126C,51,149.0,364.0
YBR170C,15,,
YBL058W,30,36.0,276.0
YGR048W,25,13.0,115.0
YGL190C,49,34.0,186.0
YAL016W,19,,
YML109W,20,5.0,28.0
YPR016C,78,57.0,249.0
YER126C,39,,
YKR081C,249,12.0,67.0
YMR213W,51,41.0,165.0
YLR117C,38,6.0,154.0
YGL130W,20,44.0,319.0
YDR301W,24,7.0,58.0
YLR115W,17,56.0,199.0
YKR002W,22,,25.0
YNL317W,27,,
YMR061W,28,15.0,87.0
YLR277C,15,,
YGL206C,12,1.0,3.0
YAL032C,83,11.0,150.0
YOR250C,14,7.0,109.0
YDR228C,20,34.0,167.0
YBR155W,18,,
YDL145C,24,89.0,318.0
YFR051C,12,61.0,266.0
YBL045C,79,,
YDL067C,5,11.0,64.0
YDR155C,14,1.0,41.0
YBR103W,16,21.0,114.0
YNL232W,90,94.0,305.0
YGR195W,26,7.0,71.0
YBR158W,5,,
YMR078C,16,21.0,180.0
YKL139W,53,74.0,187.0
YMR240C,38,15.0,111.0
YJL005W,10,23.0,87.0
YNL138W,8,36.0,200.0
YGR155W,15,4.0,50.0
YNL118C,52,40.0,230.0
YHR164C,17,40.0,193.0
YAR007C,120,,1.0
YKL213C,39,49.0,249.0
YGL240W,19,14.0,134.0
YPR175W,48,,
YBR278W,10,24.0,185.0
YAL059W,20,5.0,34.0
YBR065C,17,8.0,118.0
YBL047C,20,6.0,81.0
YGR200C,17,22.0,157.0
YGR254W,8,5.0,32.0
YBR247C,206,7.0,68.0
YNL132W,31,,30.0
YCL059C,450,24.0,97.0
YDL060W,42,4.0,86.0
YOR056C,30,26.0,140.0
YFL024C,23,,
YOR244W,197,60.0,204.0
YNL061W,55,75.0,184.0
YNL110C,145,19.0,3.0
YML126C,17,13.0,107.0
YML130C,7,68.0,170.0
YAR002C-A,7,7.0,16.0
YAL007C,27,4.0,34.0
YBR102C,18,14.0,125.0
YDR021W,5,8.0,57.0
YJR093C,24,30.0,194.0
YNL135C,39,8.0,98.0
YLR060W,3,9.0,88.0
YBR207W,6,,20.0
YKR026C,32,4.0,33.0
YDR283C,53,20.0,98.0
YFR009W,5,17.0,110.0
YER136W,10,3.0,90.0
YER031C,18,13.0,155.0
YHR108W,19,2.0,57.0
YER122C,18,59.0,342.0
YGL142C,1,26.0,181.0
YGR163W,12,7.0,58.0
YGL237C,37,5.0,74.0
YPL001W,36,12.0,5.0
YEL056W,14,4.0,9.0
YNL021W,14,22.0,144.0
YBR009C,382,6.0,67.0
YCL030C,5,,
YOL123W,22,,18.0
YOL133W,66,,
YMR288W,14,89.0,100.0
YML049C,11,1.0,89.0
YBR272C,30,4.0,30.0
YOL068C,13,7.0,35.0
YBL002W,103,2.0,47.0
YBR107C,22,2.0,44.0
YBR011C,16,53.0,134.0
YIL026C,15,,57.0
YNL265C,20,1.0,33.0
YBR245C,29,2.0,49.0
YPL082C,90,,
YOL004W,43,95.0,370.0
YOR304W,13,18.0,120.0
YBR017C,66,43.0,107.0
YIL125W,14,1.0,57.0
YDR148C,12,31.0,157.0
YAR018C,87,15.0,84.0
YER036C,50,,
YER082C,41,18.0,167.0
YCR057C,121,39.0,62.0
YHR170W,50,18.0,53.0
YDR037W,2,9.0,113.0
YOR181W,129,156.0,420.0
YDR062W,17,41.0,225.0
YGL009C,2,4.0,25.0
YJL124C,61,205.0,355.0
YNL147W,26,66.0,113.0
YNL006W,13,58.0,311.0
YAL024C,60,11.0,127.0
YDL087C,29,2.0,40.0
YPR182W,33,185.0,343.0
YIL061C,68,,
YLR298C,22,101.0,324.0
YBR115C,3,,
YPR051W,3,4.0,65.0
YBR142W,79,8.0,66.0
YBR299W,1,,21.0
YLR163C,10,,44.0
YDL056W,5,4.0,23.0
YDL003W,41,4.0,96.0
YBL023C,59,2.0,53.0
YGL201C,45,18.0,91.0
YAL010C,10,14.0,115.0
YDL005C,26,5.0,22.0
YBR253W,36,4.0,105.0
YMR167W,17,26.0,27.0
YNL082W,4,9.0,5.0
YER148W,115,3.0,53.0
YHL004W,96,,
YBR251W,49,17.0,39.0
YDR036C,27,,7.0
YNL284C,35,41.0,220.0
YBL038W,26,,
YNL185C,9,44.0,95.0
YGR220C,40,9.0,67.0
YOL090W,25,26.0,124.0
YDR097C,26,4.0,30.0
YOR160W,20,93.0,153.0
YBR057C,96,1.0,29.0
YHR023W,114,,
YOR326W,51,29.0,341.0
YAL029C,14,13.0,61.0
YBR130C,7,4.0,11.0
YKR048C,65,38.0,165.0
YGL091C,3,,40.0
YBL024W,8,27.0,62.0
YDL002C,22,11.0,107.0
YDL208W,31,5.0,85.0
YBR089C-A,34,15.0,36.0
YFR021W,39,21.0,68.0
YPL043W,44,7.0,60.0
YIL038C,31,49.0,106.0
YJL041W,39,4.0,59.0
YMR047C,103,100.0,278.0
YAR002W,32,20.0,124.0
YML065W,311,,
YBR060C,37,93.0,342.0
YAR042W,16,4.0,52.0
YJL002C,12,5.0,85.0
YGR078C,6,38.0,193.0
YGL094C,3,,33.0
YPR107C,18,92.0,317.0
YBR233W,10,,8.0
YEL058W,1,,
YBR221C,16,12.0,63.0
YLR148W,14,,4.0
YDR080W,22,8.0,77.0
YAL002W,10,41.0,217.0
YMR205C,5,2.0,
YCR012W,7,1.0,7.0
YBL022C,11,2.0,6.0
YBL105C,52,116.0,477.0
YBL035C,13,46.0,201.0
YBR167C,11,39.0,143.0
YDL188C,44,11.0,25.0
YDR075W,20,14.0,148.0
YBL046W,11,,21.0
YNL201C,19,8.0,67.0
YGR123C,6,3.0,54.0
YGL011C,30,55.0,206.0
YDR300C,2,,
YOR323C,2,,
YDR243C,10,11.0,145.0
YGR091W,33,16.0,104.0
YPR178W,34,47.0,300.0
YBR152W,20,16.0,106.0
YGL120C,128,7.0,105.0
YPL151C,34,19.0,167.0
YHR165C,65,19.0,100.0
YBR079C,49,22.0,110.0
YPR041W,40,2.0,27.0
YMR308C,84,27.0,65.0
YDR195W,21,35.0,204.0
YOR179C,7,3.0,45.0
YBL056W,15,4.0,3.0
YBR125C,8,5.0,34.0
YNL016W,462,16.0,81.0
YBR114W,22,4.0,22.0
YEL037C,60,13.0,69.0
YER171W,37,9.0,41.0
YER095W,45,35.0,96.0
YGL246C,36,,1.0
YDL090C,3,23.0,184.0
YGL137W,56,99.0,290.0
YJR068W,23,19.0,87.0
YBR087W,19,26.0,149.0
YLR176C,18,5.0,73.0
YBR260C,9,10.0,149.0
YMR139W,47,7.0,22.0
YGL044C,21,13.0,143.0
YMR234W,3,1.0,22.0
YBL093C,29,,
YJR063W,16,,
YDR404C,35,,
YGL070C,27,1.0,1.0
YNL330C,59,177.0,426.0
YHR088W,97,7.0,102.0
YBL087C,18,14.0,66.0
YFR031C-A,40,34.0,128.0
YFR004W,769,43.0,243.0
YFR052W,42,15.0,211.0
YDL147W,80,52.0,219.0
YKL145W,60,41.0,148.0
YDL216C,10,21.0,96.0
YOR014W,18,32.0,126.0
YDR484W,12,60.0,288.0
YJL080C,177,,
YER120W,46,17.0,107.0
YKL193C,22,9.0,85.0
YDR164C,18,21.0,163.0
YLR208W,73,4.0,75.0
YDL195W,27,16.0,134.0
YPL094C,11,9.0,164.0
YBR171W,5,41.0,290.0
YDR170C,30,10.0,62.0
YER081W,13,3.0,20.0
YIR001C,19,6.0,40.0
YLR058C,4,,28.0
YER068W,42,11.0,18.0
YDL076C,13,2.0,25.0
YDL042C,48,,
YNL007C,205,1.0,
YBL007C,134,19.0,223.0
YDL052C,8,11.0,46.0
YDR088C,10,26.0,199.0
YDR189W,18,20.0,182.0
YFL008W,23,57.0,268.0
YJL074C,34,13.0,167.0
YGR074W,33,,
YOR159C,24,4.0,112.0
YFL017W-A,40,,
YDR477W,205,18.0,130.0
YGL115W,28,49.0,207.0
YBR289W,13,21.0,84.0
YPR069C,1,7.0,49.0
YEL031W,13,45.0,306.0
YAL009W,7,15.0,152.0
YGR274C,72,16.0,183.0
YGR116W,20,13.0,74.0
YBR081C,157,,
YGL112C,96,20.0,118.0
YBR198C,155,77.0,366.0
YPR088C,150,,
YAL005C,588,,
YPL106C,67,1.0,12.0
YBR169C,16,2.0,36.0
YLR005W,13,15.0,146.0
YDR311W,21,65.0,215.0
YNL025C,27,116.0,153.0
YGL022W,12,19.0,212.0
YPR086W,28,,28.0
YBR143C,30,1.0,41.0
YML098W,29,45.0,193.0
YDR167W,44,52.0,171.0
YMR028W,13,73.0,193.0
YBR069C,11,,7.0
YBR118W,8,15.0,74.0
YKL081W,18,6.0,46.0
YDL080C,4,,19.0
YJL138C,22,21.0,72.0
YBR117C,1,11.0,62.0
YOR194C,7,6.0,116.0
YNL088W,23,14.0,125.0
YBR162C,4,3.0,31.0
YPL203W,85,7.0,46.0
YBR126C,19,8.0,62.0
YER090W,3,11.0,88.0
YCR042C,28,,
YLR212C,13,17.0,85.0
YPR066W,3,36.0,66.0
YBR058C,13,15.0,98.0
YMR304W,91,6.0,11.0
YBR127C,12,3.0,13.0
YGR020C,9,,9.0
YEL051W,13,124.0,218.0
YNR006W,9,29.0,314.0
YHL002W,48,31.0,169.0
YHR012W,8,47.0,156.0
YPR173C,23,7.0,99.0
YGL095C,8,4.0,110.0
YJL029C,5,,8.0
YLR337C,11,45.0,212.0
YEL002C,9,79.0,341.0
YAL019W,15,4.0,35.0
YAL027W,30,,5.0
YAL034C,7,31.0,67.0
YAL053W,5,4.0,50.0
YAL061W,2,22.0,82.0
YAR003W,14,55.0,204.0
YBL032W,30,1.0,5.0
YBL051C,4,19.0,119.0
YBL064C,9,2.0,15.0
YBR101C,15,7.0,76.0
YBR175W,21,19.0,117.0
YBR216C,2,11.0,57.0
YBR225W,4,,9.0
YBR238C,2,23.0,125.0
YBR287W,6,4.0,26.0
YCR072C,28,10.0,41.0
YNL207W,114,20.0,77.0
YDL100C,32,25.0,178.0
YDL219W,1,8.0,42.0
YDR196C,3,37.0,167.0
YDR430C,6,,32.0
YER007C-A,7,1.0,29.0
YJR014W,4,1.0,30.0
YHL021C,4,,51.0
YJL060W,2,4.0,18.0
YKL095W,41,36.0,92.0
YMR284W,13,9.0,234.0
YLL013C,15,9.0,42.0
YML059C,2,3.0,55.0
YKL067W,14,15.0,66.0
YNL045W,7,10.0,25.0
YNL127W,18,2.0,89.0
YNR046W,51,,1.0
YOR164C,8,18.0,181.0
YOR356W,1,6.0,39.0
YMR273C,21,10.0,19.0
YGR285C,30,5.0,10.0
YDL220C,22,200.0,213.0
YPL204W,206,10.0,120.0
YOR386W,2,1.0,9.0
YJL020C,53,5.0,52.0
YNL090W,11,6.0,94.0
YBR059C,73,5.0,51.0
YDR200C,9,6.0,84.0
YFL038C,37,6.0,151.0
YOR089C,22,53.0,232.0
YBR264C,7,3.0,32.0
YHR197W,82,42.0,95.0
YER133W,138,24.0,114.0
YMR311C,4,21.0,55.0
YNL113W,25,45.0,204.0
YDR266C,12,6.0,15.0
YGL087C,9,6.0,36.0
YDR092W,16,3.0,45.0
YOR043W,6,15.0,178.0
YCR008W,54,19.0,32.0
YOR276W,479,4.0,5.0
YMR001C,129,2.0,6.0
YFR040W,13,11.0,115.0
YGL081W,10,2.0,17.0
YPL179W,2,7.0,45.0
YJL164C,313,2.0,44.0
YKL166C,103,17.0,53.0
YBR109C,78,74.0,577.0
YML057W,13,12.0,36.0
YJL141C,57,3.0,27.0
YNL094W,23,2.0,14.0
YDL192W,33,31.0,152.0
YDR523C,53,3.0,25.0
YKL210W,23,3.0,72.0
YDL025C,40,2.0,24.0
YNL116W,17,8.0,31.0
YNL035C,2,1.0,8.0
YMR055C,13,20.0,88.0
YGL163C,10,19.0,80.0
YDR129C,17,23.0,162.0
YNL312W,22,68.0,227.0
YKL190W,6,2.0,55.0
YBL088C,21,3.0,14.0
YPL022W,34,16.0,27.0
YJR090C,51,,
YJL128C,33,31.0,191.0
YBL021C,4,25.0,159.0
YLR291C,206,17.0,109.0
YGR083C,9,4.0,86.0
YOR319W,17,16.0,149.0
YNL180C,4,,15.0
YKR036C,23,5.0,45.0
YPL150W,42,5.0,83.0
YHR135C,350,2.0,12.0
YDR388W,101,28.0,172.0
YCR009C,26,51.0,146.0
YCL039W,58,,2.0
YGR054W,18,,29.0
YIL131C,37,15.0,10.0
YDR436W,8,3.0,21.0
YDR480W,14,7.0,10.0
YGR040W,122,2.0,21.0
YGL174W,4,41.0,172.0
YDR313C,11,3.0,29.0
YCR002C,16,40.0,230.0
YJR076C,41,61.0,459.0
YHR107C,28,24.0,249.0
YJL092W,124,23.0,103.0
YNL311C,14,3.0,67.0
YMR116C,507,24.0,63.0
YLR293C,352,2.0,4.0
YBR274W,46,1.0,53.0
YGL220W,4,2.0,32.0
YJR053W,10,12.0,109.0
YLR262C,21,160.0,386.0
YLR216C,60,1.0,28.0
YFR014C,177,7.0,20.0
YGR280C,7,,2.0
YAL036C,16,9.0,23.0
YJL044C,10,6.0,64.0
YDL164C,18,106.0,305.0
YBR055C,50,7.0,123.0
YPL236C,5,2.0,34.0
YDL013W,26,26.0,69.0
YPL031C,458,4.0,24.0
YMR199W,8,27.0,119.0
YLR306W,7,13.0,80.0
YLL050C,14,29.0,289.0
YOR229W,9,6.0,9.0
YOR230W,13,6.0,33.0
YOL100W,48,,11.0
YOR090C,64,9.0,11.0
YPL074W,6,4.0,33.0
YJR007W,18,3.0,59.0
YBR217W,53,12.0,80.0
YDR076W,8,8.0,77.0
YBL036C,8,,
YKL161C,17,2.0,33.0
YIL095W,84,2.0,31.0
YMR104C,23,1.0,29.0
YNL098C,15,10.0,110.0
YBR280C,6,,9.0
YDL132W,38,12.0,133.0
YCR084C,47,,
YPL194W,8,11.0,134.0
YPR111W,12,4.0,25.0
YOL094C,18,10.0,173.0
YPR015C,6,,21.0
YLL010C,4,6.0,31.0
YDR328C,90,,
YNL161W,46,,19.0
YPL259C,28,5.0,83.0
YDR488C,7,26.0,156.0
YER179W,22,1.0,9.0
YMR106C,72,2.0,7.0
YFL014W,3,,3.0
YPR165W,42,5.0,50.0
YIL046W,25,7.0,147.0
YNL230C,28,6.0,43.0
YGR223C,6,4.0,20.0
YPL164C,125,1.0,24.0
YGL116W,34,107.0,410.0
YMR022W,12,22.0,78.0
YOR174W,18,52.0,144.0
YER112W,68,5.0,69.0
YMR093W,25,14.0,147.0
YER054C,5,,4.0
YPL003W,3,5.0,60.0
YBR203W,2,13.0,30.0
YOL054W,69,3.0,36.0
YMR146C,13,104.0,196.0
YDR113C,9,4.0,98.0
YHR115C,31,1.0,5.0
YKL048C,29,22.0,186.0
YBR195C,10,1.0,30.0
YLR097C,9,1.0,18.0
YJL149W,3,,18.0
YBL049W,8,4.0,12.0
YER020W,17,,
YML058W,32,2.0,23.0
YGL004C,21,,1.0
YDR394W,34,47.0,244.0
YOR125C,6,11.0,101.0
YCR088W,29,1.0,30.0
YLR383W,220,13.0,89.0
YOR080W,47,1.0,92.0
YNR019W,2,8.0,47.0
YIL007C,14,4.0,61.0
YPR104C,6,36.0,123.0
YDR398W,30,,
YKL103C,17,,8.0
YHR183W,5,,
YDL190C,20,11.0,58.0
YOR191W,13,4.0,41.0
YGR262C,37,1.0,47.0
YHL010C,33,,10.0
YLR238W,6,4.0,134.0
YHR152W,55,3.0,47.0
YER125W,215,53.0,347.0
YNL244C,40,,
YER041W,17,,21.0
YPR119W,64,12.0,71.0
YER075C,7,10.0,54.0
YJL042W,1,4.0,69.0
YJL173C,16,13.0,108.0
YFL034W,3,3.0,19.0
YNL099C,4,11.0,12.0
YNL056W,7,15.0,94.0
YMR235C,7,66.0,250.0
YPR073C,2,3.0,11.0
YLR233C,137,73.0,85.0
YNL157W,35,,11.0
YGL058W,31,5.0,72.0
YBR223C,6,,8.0
YKL021C,43,159.0,262.0
YNL106C,17,17.0,54.0
YPR017C,11,,24.0
YFL009W,36,42.0,241.0
YBR094W,5,,6.0
YPL126W,18,,
YML095C,15,1.0,15.0
YBR276C,3,6.0,3.0
YMR059W,57,1.0,23.0
YLR340W,31,13.0,133.0
YMR094W,11,26.0,105.0
YOL128C,28,2.0,5.0
YML029W,11,2.0,20.0
YOR005C,18,52.0,136.0
YCR092C,11,2.0,21.0
YKL113C,12,23.0,170.0
YER012W,110,42.0,150.0
YPL115C,12,14.0,72.0
YDR177W,12,2.0,115.0
YFL033C,25,15.0,113.0
YJR042W,22,,
YGL100W,37,100.0,223.0
YDL116W,48,22.0,128.0
YKL108W,32,,
YKL189W,18,,
YHR199C,4,35.0,54.0
YML064C,127,8.0,160.0
YFL034C-B,5,203.0,731.0
YDL006W,8,20.0,247.0
YPL051W,6,26.0,203.0
YER173W,16,3.0,58.0
YLR427W,27,3.0,18.0
YLR403W,17,,3.0
YLR248W,73,3.0,6.0
YLR113W,220,19.0,64.0
YLR096W,99,2.0,55.0
YML102W,22,17.0,82.0
YDR482C,36,14.0,84.0
YDR395W,16,9.0,39.0
YDR217C,8,35.0,97.0
YHR082C,210,14.0,126.0
YBR083W,13,6.0,28.0
YDR225W,98,55.0,164.0
YNL032W,7,7.0,35.0
YJL157C,19,,3.0
YOR212W,29,,
YPL135W,18,11.0,135.0
YGR067C,8,6.0,4.0
YFR016C,8,2.0,12.0
YER142C,16,7.0,43.0
YLR186W,12,7.0,72.0
YIL142W,7,16.0,163.0
YNL154C,243,14.0,93.0
YGL208W,12,16.0,66.0
YOR272W,47,9.0,86.0
YOR351C,68,15.0,70.0
YJL090C,27,84.0,285.0
YPR054W,21,7.0,5.0
YHR030C,79,30.0,245.0
YDR131C,3,1.0,22.0
YML088W,21,32.0,101.0
YGL158W,142,7.0,23.0
YNL250W,32,8.0,114.0
YDR369C,16,1.0,80.0
YOR227W,3,1.0,13.0
YML115C,5,30.0,237.0
YDL225W,19,36.0,168.0
YDL193W,5,37.0,197.0
YDL059C,31,3.0,6.0
YKL011C,1,27.0,73.0
YPL140C,22,1.0,30.0
YIL063C,18,,5.0
YOL045W,27,6.0,59.0
YAL017W,27,2.0,10.0
YMR201C,15,23.0,50.0
YMR291W,20,12.0,31.0
YLR352W,2,2.0,60.0
YIL128W,12,21.0,104.0
YDR460W,12,1.0,4.0
YDL101C,54,13.0,124.0
YJL165C,31,4.0,74.0
YLR019W,12,9.0,34.0
YAR019C,61,90.0,75.0
YCR091W,35,4.0,72.0
YBR136W,50,19.0,139.0
YIL113W,6,6.0,29.0
YNL175C,50,,50.0
YDL074C,30,26.0,239.0
YMR198W,20,58.0,279.0
YDL043C,54,8.0,114.0
YDR146C,25,40.0,126.0
YHR073W,8,5.0,27.0
YHR119W,39,79.0,272.0
YPL235W,308,14.0,71.0
YPL026C,50,4.0,21.0
YIL147C,9,8.0,51.0
YHR188C,3,80.0,320.0
YMR036C,15,6.0,53.0
YDR316W,9,11.0,221.0
YER059W,10,2.0,9.0
YER007W,7,3.0,67.0
YNL290W,13,2.0,34.0
YMR246W,9,12.0,17.0
YGL213C,26,31.0,87.0
YJL187C,145,5.0,43.0
YOL115W,37,80.0,167.0
YIL079C,37,2.0,10.0
YOL126C,16,19.0,94.0
YOR353C,4,52.0,231.0
YDR142C,23,13.0,28.0
YLL019C,30,11.0,70.0
YHR120W,13,35.0,60.0
YDL134C,35,26.0,57.0
YOL108C,24,81.0,158.0
YJR052W,8,4.0,10.0
YER161C,35,7.0,98.0
YOL113W,54,2.0,28.0
YIR034C,5,,
YNL068C,13,14.0,66.0
YNL307C,167,29.0,225.0
YDR219C,3,14.0,46.0
YJR022W,72,78.0,331.0
YBL026W,69,12.0,118.0
YHR166C,21,86.0,248.0
YPL153C,135,33.0,262.0
YLR006C,6,4.0,19.0
YBR088C,43,21.0,241.0
YGL090W,11,14.0,22.0
YPR093C,34,6.0,27.0
YKL215C,3,1.0,30.0
YDR143C,51,4.0,38.0
YDL213C,64,20.0,86.0
YDR267C,9,2.0,46.0
YDR335W,38,16.0,64.0
YHR186C,72,53.0,152.0
YDR128W,18,12.0,68.0
YER100W,14,19.0,103.0
YDR260C,21,6.0,66.0
YER177W,258,12.0,106.0
YGL035C,20,3.0,85.0
YIL143C,13,8.0,80.0
YPR018W,13,19.0,97.0
YCR079W,25,2.0,28.0
YGR252W,259,57.0,210.0
YDR510W,181,13.0,148.0
YLL011W,10,10.0,86.0
YGR092W,132,95.0,306.0
YML016C,20,21.0,57.0
YOR026W,7,82.0,316.0
YDL179W,7,2.0,3.0
YDR386W,72,17.0,100.0
YIR005W,15,43.0,150.0
YDR247W,64,1.0,40.0
YNL053W,10,8.0,60.0
YDR306C,9,,27.0
YOL087C,18,1.0,17.0
YNL323W,9,41.0,137.0
YDR339C,2,17.0,84.0
YPL256C,30,8.0,124.0
YML032C,28,50.0,163.0
YJR035W,29,4.0,16.0
YDL156W,321,64.0,191.0
YLR288C,12,20.0,81.0
YDL175C,26,17.0,24.0
YOL102C,3,1.0,98.0
YPL170W,5,5.0,22.0
YHR014W,6,2.0,10.0
YDR419W,15,1.0,40.0
YPL149W,16,5.0,36.0
YGL003C,74,50.0,145.0
YLR247C,49,3.0,17.0
YGR258C,9,2.0,24.0
YPL139C,13,12.0,71.0
YDL200C,19,3.0,50.0
YBR082C,25,16.0,122.0
YJR110W,11,3.0,9.0
YCR014C,3,10.0,26.0
YDR030C,4,1.0,13.0
YJR062C,9,6.0,4.0
YDL017W,51,38.0,195.0
YNL093W,21,2.0,14.0
YIL066C,12,15.0,29.0
YDR490C,21,4.0,42.0
YLR263W,8,2.0,19.0
YMR137C,3,12.0,80.0
YLR016C,5,20.0,34.0
YGL179C,84,8.0,15.0
YCL011C,21,7.0,34.0
YNL182C,28,3.0,42.0
YLR320W,619,20.0,136.0
YKL078W,19,133.0,106.0
YGR052W,49,5.0,26.0
YER117W,4,25.0,94.0
YER017C,7,27.0,111.0
YNL023C,14,,14.0
YPL131W,19,23.0,77.0
YOL062C,13,1.0,15.0
YHR169W,50,,
YLR433C,34,1.0,21.0
YDR227W,53,,
YAL015C,10,,7.0
YJR017C,21,55.0,276.0
YJL068C,3,3.0,91.0
YJR061W,1,,6.0
YNL128W,4,5.0,34.0
YLR442C,44,,
YNR010W,28,91.0,329.0
YKR055W,6,,63.0
YDR499W,15,,
YML112W,8,25.0,101.0
YMR117C,76,36.0,298.0
YJL106W,97,1.0,23.0
YOL006C,26,42.0,121.0
YHR105W,23,,
YGL131C,15,3.0,13.0
YEL021W,2,,
YFR024C-A,93,10.0,33.0
YBL078C,136,4.0,70.0
YKR007W,4,10.0,76.0
YDR016C,17,2.0,34.0
YDR098C,8,2.0,42.0
YDR140W,172,,
YDR162C,22,103.0,310.0
YDR201W,26,,72.0
YHR122W,6,,32.0
YFL059W,3,,
YGL061C,14,85.0,267.0
YGL254W,4,4.0,59.0
YKL023W,8,,3.0
YLR376C,9,9.0,28.0
YOL149W,17,142.0,192.0
YJR103W,3,2.0,32.0
YMR159C,5,7.0,25.0
YGL198W,14,2.0,31.0
YLR423C,37,3.0,30.0
YGR232W,32,1.0,10.0
YLR324W,37,,4.0
YKL181W,7,,
YOL061W,15,29.0,82.0
YJR141W,5,,2.0
YMR032W,48,256.0,77.0
YLR200W,32,100.0,234.0
YMR236W,87,68.0,158.0
YNL258C,10,18.0,29.0
YLR328W,5,1.0,9.0
YIL008W,5,8.0,85.0
YMR294W,19,30.0,176.0
YHR171W,5,9.0,39.0
YOR117W,328,76.0,232.0
YLR258W,8,2.0,6.0
YJL184W,6,1.0,3.0
YJR102C,8,7.0,45.0
YKL002W,15,29.0,145.0
YKL008C,4,3.0,14.0
YOR128C,4,,9.0
YGR061C,1,8.0,48.0
YDR408C,4,2.0,16.0
YMR303C,1,4.0,9.0
YOR023C,7,4.0,145.0
YMR092C,8,3.0,24.0
YOL130W,3,,14.0
YPR185W,31,15.0,28.0
YHL019C,7,1.0,15.0
YDR376W,2,1.0,40.0
YDR106W,3,15.0,55.0
YPR020W,4,3.0,37.0
YPL161C,12,17.0,77.0
YLR319C,14,2.0,58.0
YLR438W,3,,12.0
YGL155W,15,26.0,127.0
YLR245C,1,10.0,50.0
YMR138W,14,5.0,57.0
YCR005C,5,13.0,35.0
YGR108W,4,4.0,21.0
YDL155W,36,1.0,8.0
YAL040C,11,12.0,85.0
YOR303W,1,,
YLR429W,24,,4.0
YHR057C,5,2.0,30.0
YIR032C,1,8.0,53.0
YNL314W,2,11.0,66.0
YGR113W,27,47.0,356.0
YDL160C,289,,
YPR082C,6,,
YPL049C,11,20.0,107.0
YIL150C,28,18.0,148.0
YDR206W,10,3.0,17.0
YOR180C,2,7.0,25.0
YLR390W,2,5.0,8.0
YBR176W,2,1.0,6.0
YJR125C,59,15.0,119.0
YMR052W,8,21.0,142.0
YDR236C,1,2.0,25.0
YGR267C,2,4.0,10.0
YBL042C,1,,8.0
YHR128W,9,,37.0
YOR375C,9,9.0,3.0
YMR255W,5,5.0,9.0
YML094W,6,153.0,287.0
YML006C,6,2.0,15.0
YJL137C,3,2.0,14.0
YCL040W,4,,17.0
YOL059W,11,13.0,35.0
YPL059W,6,,
YDR108W,17,65.0,224.0
YOR185C,9,3.0,45.0
YJR074W,505,133.0,172.0
YML121W,27,9.0,76.0
YJL110C,62,2.0,14.0
YOR202W,1,,
YER062C,2,2.0,17.0
YOR025W,5,12.0,128.0
YOL012C,72,49.0,309.0
YGL192W,2,,6.0
YGL150C,62,18.0,163.0
YDR315C,5,24.0,162.0
YHR079C,87,31.0,177.0
YLL027W,9,4.0,48.0
YER180C,4,15.0,43.0
YOR226C,7,2.0,21.0
YCL055W,3,3.0,26.0
YDR017C,9,1.0,29.0
YHR158C,38,8.0,29.0
YDR122W,26,1.0,23.0
YER127W,7,27.0,96.0
YNL104C,3,9.0,46.0
YKL205W,9,7.0,35.0
YDR503C,1,5.0,14.0
YDR439W,54,102.0,193.0
YGR057C,3,26.0,108.0
YGL154C,2,,
YCR020C-A,8,,
YPR046W,42,6.0,97.0
YJR135C,13,10.0,70.0
YMR112C,3,75.0,192.0
YNL210W,9,2.0,16.0
YPL038W,1,,18.0
YOL088C,18,7.0,69.0
YKL142W,13,1.0,14.0
YGR014W,29,,7.0
YDL154W,7,1.0,
YGR158C,15,5.0,73.0
YAL034W-A,29,6.0,73.0
YML031W,27,,
YFR002W,23,,33.0
YGL221C,1,,6.0
YPL174C,89,18.0,146.0
YDR001C,8,2.0,16.0
YOL069W,63,5.0,72.0
YER105C,22,6.0,33.0
YLR335W,26,4.0,56.0
YGR119C,45,68.0,222.0
YOR269W,52,76.0,129.0
YGL134W,12,1.0,18.0
YDL127W,8,2.0,21.0
YIL013C,5,,28.0
YGR240C,10,31.0,57.0
YMR129W,29,8.0,57.0
YMR267W,3,168.0,223.0
YNR032W,7,3.0,94.0
YOR362C,22,25.0,172.0
YJL001W,20,14.0,8.0
YMR314W,32,16.0,9.0
YER023W,3,,
YBR237W,20,7.0,71.0
YER089C,10,3.0,74.0
YOR348C,3,7.0,41.0
YOR368W,8,23.0,87.0
YER162C,12,11.0,56.0
YOR127W,17,1.0,32.0
YLR071C,40,4.0,77.0
YHL027W,2,22.0,172.0
YOR210W,16,122.0,262.0
YDL150W,20,4.0,125.0
YGL189C,2,1.0,20.0
YER131W,4,4.0,20.0
YLR264W,4,8.0,74.0
YER102W,2,5.0,21.0
YBL025W,7,,
YJL025W,11,5.0,58.0
YMR270C,7,9.0,91.0
YCR027C,2,3.0,35.0
YGR213C,1,1.0,8.0
YGL175C,13,6.0,74.0
YGL229C,13,2.0,19.0
YMR079W,12,12.0,48.0
YNL287W,14,1.0,32.0
YDR077W,2,5.0,38.0
YDL212W,23,35.0,126.0
YNL236W,25,119.0,380.0
YGR229C,22,41.0,236.0
YMR095C,3,2.0,28.0
YMR096W,5,4.0,64.0
YFL060C,4,,4.0
YDL098C,2,3.0,60.0
YKR037C,19,,
YNL012W,1,1.0,11.0
YHL022C,5,3.0,21.0
YDR218C,2,,22.0
YDR308C,13,3.0,110.0
YLR082C,10,8.0,21.0
YDR292C,3,45.0,161.0
YHR184W,5,1.0,38.0
YLR362W,37,,
YHR084W,24,,
YJR086W,4,,
YLR305C,8,27.0,135.0
YDR416W,21,1.0,5.0
YML015C,17,19.0,75.0
YPR048W,11,4.0,120.0
YKL028W,25,18.0,100.0
YGR144W,1,1.0,45.0
YPL214C,1,19.0,43.0
YLL028W,1,6.0,14.0
YDR074W,7,10.0,100.0
YDR472W,13,9.0,120.0
YOR115C,12,9.0,60.0
YDL064W,121,17.0,87.0
YER144C,3,,20.0
YDR207C,25,19.0,147.0
YNR012W,4,14.0,28.0
YGL212W,44,39.0,168.0
YPL253C,5,2.0,53.0
YHR060W,4,13.0,58.0
YOR132W,11,72.0,186.0
YJL154C,18,31.0,120.0
YLR417W,8,7.0,75.0
YOL105C,1,1.0,4.0
YIR018W,3,1.0,5.0
YAR031W,6,12.0,21.0
YBR006W,3,1.0,11.0
YBR052C,3,2.0,8.0
YBR077C,9,10.0,66.0
YBR141C,2,20.0,101.0
YBR228W,4,5.0,57.0
YBR244W,3,2.0,32.0
YBR270C,8,,48.0
YCL020W,3,,
YCL024W,39,2.0,2.0
YCR004C,1,1.0,31.0
YCR086W,50,33.0,161.0
YDL012C,6,,25.0
YDL063C,3,2.0,57.0
YDL089W,10,7.0,10.0
YDL110C,2,2.0,56.0
YDL113C,6,9.0,30.0
YDL133W,1,7.0,102.0
YDL146W,2,3.0,44.0
YDL203C,6,20.0,94.0
YDL239C,43,,3.0
YDL246C,2,3.0,62.0
YDR013W,16,39.0,161.0
YDR026C,8,12.0,70.0
YDR032C,6,2.0,43.0
YDR051C,5,3.0,9.0
YDR061W,2,4.0,76.0
YDR063W,9,2.0,41.0
YDR070C,1,1.0,9.0
YDR071C,3,18.0,92.0
YDR084C,2,4.0,28.0
YDR115W,1,26.0,99.0
YDR132C,5,1.0,9.0
YDR179C,17,14.0,55.0
YDR214W,21,2.0,47.0
YDR255C,3,,3.0
YDR279W,1,5.0,80.0
YDR326C,4,2.0,26.0
YDR348C,2,3.0,44.0
YDR357C,7,3.0,9.0
YDR400W,3,6.0,35.0
YFR042W,1,47.0,175.0
YFR043C,5,2.0,48.0
YFR047C,1,3.0,15.0
YGL051W,9,1.0,6.0
YGL096W,1,1.0,25.0
YGL161C,2,4.0,34.0
YGL230C,3,,
YGL242C,1,1.0,41.0
YGR010W,2,2.0,11.0
YGR017W,3,4.0,27.0
YGR024C,4,7.0,56.0
YGR058W,5,7.0,29.0
YGR068C,4,5.0,37.0
YGR122W,2,22.0,113.0
YGR154C,1,6.0,44.0
YGR250C,18,9.0,16.0
YGR278W,14,2.0,78.0
YGR294W,1,3.0,44.0
YHL006C,4,3.0,10.0
YHL018W,6,6.0,57.0
YHL046C,1,1.0,17.0
YHR039C,12,5.0,37.0
YHR083W,14,4.0,38.0
YHR111W,26,11.0,125.0
YHR204W,5,4.0,8.0
YIL011W,1,1.0,7.0
YIL065C,87,10.0,51.0
YIL074C,5,,11.0
YIL105C,13,9.0,48.0
YIL132C,7,7.0,48.0
YIL151C,5,2.0,23.0
YJL048C,3,,17.0
YJL112W,18,,13.0
YJL160C,1,1.0,26.0
YJR024C,1,3.0,10.0
YJR072C,35,,15.0
YKL090W,3,,
YKL116C,32,11.0,47.0
YKR011C,5,1.0,17.0
YKR022C,17,2.0,3.0
YKR060W,1,2.0,21.0
YKR083C,28,18.0,111.0
YKR096W,1,14.0,84.0
YKR104W,1,,42.0
YLL049W,8,65.0,206.0
YLL057C,1,2.0,13.0
YLL062C,2,,1.0
YLR015W,17,14.0,190.0
YLR046C,1,,6.0
YLR065C,127,2.0,82.0
YLR215C,7,6.0,70.0
YLR315W,20,,17.0
YLR345W,8,3.0,39.0
YLR368W,10,2.0,32.0
YLR392C,2,1.0,6.0
YML053C,3,2.0,60.0
YML068W,4,14.0,16.0
YML114C,18,27.0,200.0
YML119W,1,32.0,20.0
YMR025W,6,5.0,25.0
YMR068W,7,1.0,46.0
YMR077C,15,8.0,60.0
YMR102C,3,1.0,13.0
YMR210W,1,3.0,43.0
YMR269W,1,9.0,30.0
YMR312W,6,30.0,147.0
YMR322C,6,6.0,71.0
YNL218W,6,3.0,24.0
YNR004W,3,8.0,66.0
YNR029C,5,1.0,21.0
YNR068C,1,2.0,37.0
YOL070C,10,4.0,48.0
YOL111C,24,11.0,219.0
YOR138C,8,2.0,28.0
YOR215C,1,4.0,14.0
YNL078W,15,6.0,53.0
YNL086W,22,2.0,69.0
YNL091W,10,10.0,109.0
YOR220W,4,2.0,16.0
YOR264W,2,9.0,36.0
YPL019C,12,6.0,11.0
YPL110C,5,2.0,5.0
YPL192C,2,1.0,16.0
YPL222W,1,2.0,9.0
YPL260W,2,3.0,18.0
YPR105C,22,117.0,398.0
YNL122C,2,,41.0
YPR152C,164,2.0,25.0
YDR002W,5,5.0,142.0
YHR016C,61,,7.0
YMR243C,2,1.0,29.0
YDR448W,68,2.0,93.0
YBR111W-A,113,32.0,206.0
YIR025W,13,,18.0
YKL052C,12,19.0,175.0
YOR078W,28,5.0,9.0
YNL288W,56,31.0,101.0
YKL022C,17,7.0,63.0
YBL084C,34,12.0,180.0
YPR101W,28,39.0,183.0
YMR168C,10,111.0,121.0
YLR129W,7,5.0,52.0
YML071C,13,19.0,200.0
YER157W,30,164.0,430.0
YGR120C,15,5.0,135.0
YGL005C,10,25.0,195.0
YGL223C,13,,4.0
YNL041C,15,59.0,307.0
YNL051W,11,74.0,357.0
YJR112W,57,1.0,101.0
YLR384C,13,21.0,127.0
YPL086C,9,27.0,166.0
YPL101W,5,29.0,162.0
YHR187W,7,16.0,103.0
YPR144C,263,3.0,13.0
YDL148C,39,,
YGL194C,8,21.0,124.0
YKR029C,11,28.0,161.0
YCR033W,7,86.0,174.0
YIL112W,7,6.0,41.0
YDR310C,7,68.0,223.0
YPL209C,91,34.0,127.0
YPR133C,9,62.0,241.0
YDR449C,47,1.0,58.0
YGR156W,13,73.0,331.0
YNL222W,25,19.0,177.0
YKL018W,32,1.0,54.0
YIL144W,63,13.0,116.0
YGL093W,53,51.0,240.0
YPL093W,84,42.0,173.0
YNR053C,86,17.0,96.0
YLR009W,52,59.0,197.0
YDL014W,25,12.0,46.0
YCR052W,16,67.0,198.0
YGR047C,20,,46.0
YGL153W,31,5.0,60.0
YGR077C,7,2.0,30.0
YJL210W,11,2.0,16.0
YGR063C,26,7.0,30.0
YDL153C,23,7.0,61.0
YCL010C,116,,2.0
YDR145W,92,71.0,237.0
YGL066W,92,23.0,184.0
YPL011C,14,49.0,200.0
YMR005W,37,1.0,21.0
YMR227C,28,14.0,65.0
YOL072W,15,24.0,77.0
YDR334W,33,25.0,184.0
YBR231C,19,3.0,11.0
YMR223W,79,67.0,132.0
YKL099C,3,4.0,3.0
YML093W,169,1.0,57.0
YML041C,18,82.0,326.0
YKL089W,27,11.0,87.0
YNL271C,125,13.0,109.0
YCR038C,7,,
YJL194W,24,20.0,97.0
YGR218W,766,2.0,17.0
YEL030W,1,6.0,61.0
YGR098C,155,12.0,95.0
YOR232W,27,14.0,116.0
YJL076W,14,,
YDR028C,10,18.0,9.0
YBR275C,4,1.0,25.0
YKL051W,2,1.0,4.0
YJL203W,29,6.0,132.0
YDR103W,20,,
YIL022W,14,,
YJL081C,33,1.0,15.0
YKL114C,6,1.0,10.0
YHR005C,22,,
YOR036W,11,,32.0
YPL268W,7,3.0,9.0
YBR037C,2,27.0,111.0
YMR190C,23,1271.0,1127.0
YLR182W,16,13.0,71.0
YNL102W,37,28.0,287.0
YPR135W,35,31.0,247.0
YDR085C,4,,
YGR006W,3,4.0,120.0
YPR181C,69,13.0,153.0
YOR148C,2,,
YGL166W,3,4.0,49.0
YFL039C,82,246.0,853.0
YHR099W,37,3.0,62.0
YDR176W,30,5.0,43.0
YNL148C,3,4.0,25.0
YML124C,27,6.0,58.0
YGR225W,6,15.0,26.0
YBR211C,47,45.0,183.0
YGR179C,24,85.0,251.0
YNL172W,24,177.0,291.0
YGL180W,249,32.0,57.0
YKL013C,3,,
YKL129C,36,1.0,18.0
YPR034W,32,,
YMR033W,13,27.0,155.0
YIL126W,47,3.0,1.0
YJL176C,12,69.0,225.0
YGR097W,9,1.0,9.0
YDL149W,95,6.0,18.0
YIL004C,23,30.0,172.0
YLR093C,46,,1.0
YOL078W,4,108.0,298.0
YKL203C,21,42.0,234.0
YER093C,81,128.0,256.0
YIL140W,5,13.0,66.0
YKR099W,3,23.0,75.0
YML077W,9,21.0,217.0
YDR246W,6,22.0,182.0
YOR198C,18,31.0,38.0
YER016W,42,48.0,261.0
YNL233W,3,10.0,80.0
YNR051C,365,91.0,427.0
YER151C,422,45.0,301.0
YGR246C,169,,6.0
YBL097W,12,7.0,122.0
YGR188C,18,72.0,213.0
YJL013C,5,1.0,58.0
YJR092W,6,,17.0
YMR275C,7,10.0,84.0
YPR161C,80,169.0,446.0
YLR226W,5,1.0,1.0
YJR060W,15,35.0,189.0
YIL129C,2,145.0,512.0
YFR036W,7,3.0,39.0
YLR310C,44,74.0,246.0
YKL101W,86,45.0,185.0
YDR054C,36,1.0,64.0
YOR057W,16,84.0,267.0
YCL061C,17,13.0,152.0
YNL273W,15,40.0,197.0
YGL113W,13,4.0,60.0
YLR274W,55,13.0,95.0
YPR052C,8,8.0,29.0
YJR046W,17,23.0,56.0
YNL298W,65,68.0,292.0
YPR120C,25,21.0,86.0
YGR167W,10,55.0,308.0
YGR062C,6,2.0,80.0
Q0250,12,,
YGL238W,8,13.0,197.0
YPL018W,73,8.0,121.0
YLR381W,20,8.0,77.0
YHR191C,6,48.0,246.0
YJL006C,30,9.0,35.0
YJL036W,25,7.0,78.0
YBR112C,39,3.0,56.0
YDR052C,34,50.0,406.0
YOR046C,16,33.0,164.0
YHR144C,1,49.0,150.0
YJL065C,5,9.0,62.0
YDR121W,14,2.0,34.0
YLL001W,10,8.0,53.0
YGL222C,2,54.0,161.0
YPL037C,19,4.0,26.0
YOR144C,23,39.0,157.0
YCR034W,6,44.0,27.0
YLR372W,5,91.0,71.0
YNL084C,35,22.0,148.0
YIR006C,20,122.0,280.0
YIL005W,2,4.0,33.0
YOR033C,21,6.0,58.0
YOR317W,2,8.0,17.0
YBR041W,2,14.0,65.0
YOR372C,2,,
YDR110W,17,,6.0
YDR373W,6,15.0,147.0
YBL016W,117,108.0,69.0
YBR179C,9,9.0,66.0
YOR178C,1,1.0,17.0
YOL051W,32,6.0,34.0
YDR009W,2,2.0,25.0
YNL062C,4,16.0,140.0
YGL195W,29,30.0,116.0
YPL240C,901,,2.0
YDR507C,56,3.0,89.0
YBR050C,2,,12.0
YKR030W,3,,37.0
YDR295C,89,14.0,129.0
YPR179C,6,7.0,63.0
YBR010W,525,6.0,47.0
YBL008W,17,47.0,205.0
YOR038C,15,37.0,178.0
YDL125C,3,2.0,41.0
YIL072W,3,6.0,33.0
YGL033W,2,1.0,25.0
YPR068C,5,4.0,35.0
YBR133C,6,5.0,81.0
YJL159W,5,2.0,31.0
YGL241W,18,13.0,46.0
YDR224C,134,53.0,97.0
YCR020W-B,24,19.0,47.0
YGL253W,10,10.0,68.0
YHR148W,5,,
YNL075W,24,1.0,6.0
YJL034W,56,338.0,127.0
YJR045C,503,36.0,251.0
YPR141C,25,7.0,125.0
YPL269W,19,4.0,71.0
YGR238C,11,2.0,42.0
YDL108W,42,92.0,190.0
YJR066W,33,21.0,98.0
YMR296C,7,52.0,255.0
YHR098C,8,84.0,277.0
YGL086W,14,33.0,125.0
YMR153W,28,9.0,70.0
YJL030W,29,38.0,111.0
YEL032W,42,131.0,211.0
YDR318W,21,2.0,73.0
YOL009C,7,17.0,95.0
YPR070W,29,17.0,200.0
YPR168W,17,12.0,66.0
YHR058C,13,44.0,200.0
YBR193C,31,72.0,243.0
YPL169C,68,34.0,139.0
YGL106W,16,,
YIL149C,234,1.0,15.0
YLL006W,40,77.0,318.0
YBR098W,11,15.0,105.0
YJL183W,22,54.0,315.0
YPL050C,11,,
YIL106W,66,,10.0
YDL028C,70,97.0,349.0
YMR224C,18,26.0,201.0
YMR037C,5,5.0,74.0
YMR016C,7,12.0,43.0
YDR277C,6,,25.0
YKL186C,7,9.0,102.0
YFL005W,26,1.0,86.0
YMR109W,58,12.0,107.0
YOR253W,4,,4.0
YGL013C,7,11.0,98.0
YCL054W,13,2.0,
YLR197W,20,22.0,107.0
YOL144W,7,5.0,81.0
YPR072W,24,,
YNL183C,36,4.0,70.0
YNL251C,36,9.0,68.0
YDR043C,4,21.0,93.0
YBR066C,3,,20.0
YLR007W,4,26.0,93.0
YBR188C,13,1.0,29.0
YDR150W,44,7.0,103.0
YOR098C,42,,
YOR106W,23,29.0,115.0
YKL196C,32,73.0,318.0
YLL004W,24,24.0,128.0
YOR085W,10,76.0,204.0
YER165W,87,69.0,357.0
YIL071C,10,,33.0
YIL050W,9,4.0,23.0
YHR064C,41,1.0,3.0
YER149C,11,,5.0
YLL021W,31,1.0,37.0
YMR257C,4,15.0,142.0
YDR265W,11,9.0,50.0
YMR026C,11,18.0,99.0
YDL065C,6,6.0,29.0
YNL267W,7,8.0,110.0
YNL262W,27,55.0,237.0
YJR006W,7,8.0,105.0
YJR043C,11,16.0,174.0
YOR208W,7,5.0,8.0
YCR066W,13,11.0,83.0
YPL096W,2,1.0,14.0
YLR032W,14,26.0,77.0
YNL216W,26,171.0,479.0
YJR033C,8,2.0,41.0
YLR329W,2,2.0,25.0
YHR157W,2,1.0,38.0
YOR217W,15,42.0,197.0
YOR279C,2,2.0,30.0
YCL028W,33,,
YGR180C,14,10.0,96.0
YOR018W,6,1.0,12.0
YGL144C,3,4.0,45.0
YPR010C,75,,
YDR156W,7,21.0,122.0
YOR340C,26,11.0,78.0
YOL005C,22,79.0,268.0
YPR102C,5,44.0,69.0
YPR187W,13,12.0,15.0
YHR062C,9,22.0,158.0
YGR184C,15,6.0,71.0
YKL125W,13,2.0,60.0
YBL014C,5,,
YDR087C,40,18.0,118.0
YCR035C,107,34.0,63.0
YGL252C,17,9.0,82.0
YMR263W,11,45.0,211.0
YMR127C,21,11.0,37.0
YOR213C,9,4.0,34.0
YBL052C,12,9.0,80.0
YDR181C,5,3.0,64.0
YER087C-B,61,3.0,66.0
YOR327C,25,16.0,56.0
YGL233W,14,9.0,114.0
YBL050W,13,19.0,174.0
YDR498C,14,81.0,225.0
YIL109C,90,14.0,99.0
YPR055W,11,10.0,129.0
YGR009C,11,21.0,118.0
YAL030W,10,,7.0
YPR032W,7,81.0,124.0
YPL232W,32,3.0,20.0
YLR026C,62,23.0,64.0
YMR197C,20,91.0,314.0
YOR140W,10,5.0,67.0
YLR234W,15,1.0,21.0
YJL089W,5,2.0,63.0
YDR409W,93,11.0,46.0
YLR398C,19,20.0,62.0
YOR076C,16,11.0,52.0
YHR206W,8,7.0,95.0
YNL167C,5,1.0,16.0
YNL243W,21,313.0,531.0
YDR489W,39,5.0,57.0
YBR156C,26,26.0,203.0
YGL098W,8,37.0,195.0
YLR135W,18,35.0,165.0
YFR031C,7,3.0,33.0
YDR073W,11,3.0,25.0
YOR290C,55,15.0,46.0
YHL025W,18,10.0,26.0
YER018C,70,2.0,57.0
YAL047C,77,,
YHR172W,20,,
YNL126W,8,5.0,49.0
YOL148C,36,,
YDR392W,17,37.0,220.0
YLR055C,65,29.0,153.0
YPL042C,50,110.0,141.0
YJL143W,9,,6.0
YNR017W,324,54.0,132.0
YMR183C,18,29.0,122.0
YLR369W,5,,
YDR086C,9,16.0,133.0
YOR047C,7,4.0,45.0
YFL026W,9,,
YHL007C,115,3.0,6.0
YCL032W,78,7.0,5.0
YKL209C,12,9.0,86.0
YDL159W,17,,
YDR082W,5,18.0,97.0
YLR010C,5,,
YBL034C,9,103.0,354.0
YLR045C,23,86.0,406.0
YDR381W,91,9.0,201.0
YPL237W,16,14.0,70.0
YER111C,13,27.0,234.0
YGR129W,6,4.0,37.0
YAL014C,7,9.0,48.0
YHR005C-A,16,,
YBR091C,8,,
YOR297C,9,48.0,210.0
YJL054W,2,33.0,219.0
YGL145W,10,43.0,95.0
YDR468C,15,27.0,223.0
YOL018C,46,62.0,290.0
YGR082W,21,3.0,52.0
YNL131W,291,,
YMR203W,26,,
YPR133W-A,6,1.0,14.0
YKL110C,8,16.0,111.0
YNL299W,25,28.0,147.0
YLR043C,9,,9.0
YDR390C,7,,
YKL010C,25,14.0,64.0
YOR075W,14,10.0,89.0
YDR470C,7,,29.0
YOR211C,3,69.0,141.0
YPL020C,81,2.0,105.0
YHR077C,51,9.0,94.0
YGR072W,6,9.0,60.0
YDR323C,5,7.0,58.0
YLR386W,8,22.0,89.0
YCL063W,3,,6.0
YDL077C,836,17.0,116.0
YMR231W,16,,1.0
YPL045W,13,,3.0
YLR396C,20,,2.0
YDL185W,17,38.0,287.0
YOR270C,27,26.0,68.0
YKL041W,7,43.0,231.0
YPL002C,11,10.0,47.0
YCL008C,35,110.0,235.0
YJL053W,9,34.0,137.0
YOR069W,11,19.0,100.0
YKR020W,6,36.0,206.0
YDR027C,17,42.0,107.0
YNL197C,4,47.0,100.0
YDR325W,4,49.0,92.0
YDR212W,9,28.0,173.0
YNL263C,22,,12.0
YGR172C,7,37.0,238.0
YKR095W,105,6.0,50.0
YOR064C,14,19.0,54.0
YHR090C,18,141.0,222.0
YOR373W,10,,
YDR057W,11,7.0,37.0
YNL304W,7,9.0,150.0
YML001W,59,10.0,99.0
YKL214C,3,5.0,48.0
YER110C,69,39.0,164.0
YMR089C,3,23.0,132.0
YLR394W,13,40.0,107.0
YHR114W,87,11.0,69.0
YBR045C,3,1.0,9.0
YFL003C,4,8.0,39.0
YER008C,14,6.0,106.0
YPL255W,5,,
YLR078C,18,77.0,228.0
YBR131W,8,28.0,103.0
YOR257W,36,,
YLL003W,6,3.0,60.0
YLR318W,8,,
YBL071W-A,20,29.0,86.0
YLR203C,66,2.0,59.0
YKL068W,60,5.0,32.0
YGL092W,25,8.0,130.0
YML103C,13,79.0,264.0
YGL172W,32,1.0,4.0
YDL088C,22,13.0,74.0
YPL154C,5,4.0,89.0
YNL097C,10,112.0,401.0
YFR034C,138,9.0,30.0
YDR137W,6,92.0,288.0
YGR056W,23,60.0,118.0
YDR180W,805,16.0,168.0
YCR067C,2,9.0,50.0
YDR425W,17,,9.0
YDR356W,45,,
YKL020C,15,8.0,50.0
YLR181C,7,,
YNL044W,12,,23.0
YKL155C,21,14.0,27.0
YLR256W,4,4.0,32.0
YGL200C,28,18.0,84.0
YPL248C,64,6.0,26.0
YMR307W,5,91.0,346.0
YGL073W,18,30.0,188.0
YMR150C,2,6.0,60.0
YKL073W,4,74.0,155.0
YNL121C,15,9.0,114.0
YOR103C,7,15.0,124.0
YDL232W,10,151.0,247.0
YGL226C-A,2,6.0,20.0
YML019W,10,5.0,84.0
YMR149W,15,25.0,187.0
YER154W,71,,39.0
YOR254C,65,51.0,282.0
YLR008C,11,,101.0
YKL119C,1,39.0,132.0
YDR216W,14,13.0,38.0
YPR029C,18,16.0,68.0
YOR141C,20,90.0,289.0
YPR122W,2,,
YLR353W,4,2.0,14.0
YGR041W,1,11.0,67.0
YDR168W,35,47.0,250.0
YPL228W,8,89.0,249.0
YGL019W,33,26.0,177.0
YPL181W,24,63.0,175.0
YMR276W,31,8.0,31.0
YFR027W,22,6.0,69.0
YLR080W,4,4.0,44.0
YFL048C,8,,
YOL017W,3,17.0,68.0
YMR232W,3,3.0,44.0
YEL009C,39,74.0,101.0
YGL025C,24,4.0,26.0
YDR358W,6,2.0,52.0
YER040W,8,66.0,228.0
YOR371C,5,1.0,
YKL109W,10,2.0,58.0
YDR123C,13,13.0,129.0
YOR298C-A,2,21.0,78.0
YPR019W,64,6.0,38.0
YAR033W,3,5.0,35.0
YER009W,3,77.0,309.0
YIL115C,29,7.0,3.0
YNL289W,28,3.0,20.0
YGL053W,4,2.0,32.0
YGL097W,27,43.0,182.0
YER070W,7,,152.0
YML043C,11,5.0,50.0
YDR159W,58,43.0,152.0
YPL218W,16,,
YOR329C,5,,15.0
YLR268W,42,89.0,418.0
YER118C,85,1.0,107.0
YOL031C,2,8.0,36.0
YKR101W,10,1.0,9.0
YOR109W,9,18.0,109.0
YLR452C,26,5.0,64.0
YJL004C,3,19.0,206.0
YKR062W,16,44.0,106.0
YKL034W,15,11.0,37.0
YLL039C,78,6.0,92.0
YPR036W,8,73.0,289.0
YML007W,33,2.0,56.0
YPR028W,14,2.0,10.0
YKR014C,19,4.0,30.0
YNL297C,4,87.0,287.0
YPL057C,1,58.0,343.0
YBR161W,1,6.0,94.0
YNL264C,6,,65.0
YIL016W,41,7.0,58.0
YJR099W,6,4.0,22.0
YGR101W,2,7.0,29.0
YER155C,7,58.0,217.0
YKL092C,4,1.0,8.0
YDL226C,14,7.0,56.0
YOR070C,6,39.0,257.0
YNR026C,3,97.0,316.0
YNL272C,39,69.0,211.0
YPR095C,4,12.0,42.0
YML097C,10,30.0,192.0
YLL017W,4,1.0,13.0
YLR014C,1,6.0,35.0
YFR050C,21,24.0,188.0
YOR157C,18,36.0,143.0
YKL015W,1,8.0,50.0
YKL058W,9,,
YDL235C,4,31.0,15.0
YJL019W,327,,
YML051W,38,4.0,70.0
YKL112W,6,49.0,200.0
YOR358W,4,14.0,179.0
YMR043W,17,,
YDL106C,25,4.0,58.0
YDL102W,3,46.0,263.0
YBR024W,2,1.0,26.0
YJR104C,5,4.0,43.0
YLR131C,14,10.0,75.0
YNL039W,11,,33.0
YIL159W,28,16.0,37.0
YMR180C,1,4.0,25.0
YBR233W-A,8,,
YML012W,24,13.0,164.0
YJL085W,13,31.0,252.0
YLR377C,32,8.0,12.0
YHR061C,25,,9.0
YDL207W,38,34.0,162.0
YFL031W,5,30.0,161.0
YLR192C,17,7.0,38.0
YBR034C,141,44.0,120.0
YDR171W,29,,
YJR050W,7,17.0,104.0
YGL016W,11,35.0,93.0
YIR033W,4,58.0,198.0
YGL075C,46,,
YNR049C,8,7.0,41.0
YOR156C,93,,35.0
YOL043C,3,5.0,46.0
YHL020C,10,23.0,118.0
YLR191W,57,8.0,41.0
YHR160C,6,1.0,47.0
YGR239C,7,2.0,51.0
YGL205W,1,6.0,65.0
YDL030W,26,1.0,60.0
YIL118W,8,1.0,57.0
YOR095C,2,13.0,72.0
YOR151C,46,,2.0
YIL075C,40,8.0,8.0
YLR166C,57,4.0,90.0
YDR166C,13,,50.0
YIL068C,12,,42.0
YKL006C-A,10,,
YIL104C,6,2.0,12.0
YJL127C,299,,8.0
YNL309W,3,6.0,70.0
YOR027W,15,12.0,85.0
YGL049C,16,9.0,25.0
YGR185C,12,5.0,109.0
YNL229C,11,17.0,180.0
YGL162W,4,3.0,45.0
YGR233C,8,,
YFL037W,17,63.0,261.0
YOR265W,4,2.0,69.0
YFL029C,10,29.0,16.0
YNR031C,18,16.0,103.0
YPL085W,9,22.0,201.0
YLR079W,20,29.0,161.0
YPL254W,58,19.0,80.0
YDR173C,3,,5.0
YBR164C,10,26.0,198.0
YAL020C,2,1.0,68.0
YJL095W,125,34.0,245.0
YIL033C,58,48.0,198.0
YBL061C,11,4.0,85.0
YNL166C,7,8.0,40.0
YBL085W,58,2.0,28.0
YKR086W,37,37.0,231.0
YNR011C,49,9.0,136.0
YOR308C,58,12.0,103.0
YGR142W,42,1.0,6.0
YCL014W,20,1.0,1.0
YFL028C,5,1.0,25.0
YMR280C,8,4.0,42.0
YGL178W,7,8.0,70.0
YDR254W,24,6.0,112.0
YBR023C,11,2.0,94.0
YNL225C,24,,
YKL042W,27,51.0,198.0
YKL049C,318,190.0,273.0
YJR084W,11,8.0,45.0
YOL117W,32,1.0,6.0
YPL008W,9,11.0,159.0
YKR034W,10,,22.0
YER143W,20,1.0,14.0
YNL186W,104,10.0,43.0
YGR060W,7,30.0,166.0
YMR219W,90,1.0,40.0
YDR363W,11,42.0,94.0
YBR020W,3,14.0,43.0
YER027C,9,3.0,25.0
YJL125C,4,28.0,253.0
YPL075W,8,,
YJR031C,7,4.0,36.0
YDR309C,13,3.0,38.0
YDR192C,50,1.0,51.0
YGL121C,1,,28.0
YGL181W,42,1.0,3.0
YMR172W,29,3.0,22.0
YJR094C,3,3.0,18.0
YPL242C,13,8.0,43.0
YJL073W,6,1.0,27.0
YPR159W,12,,
YHR156C,6,2.0,61.0
YDL240W,1,1.0,54.0
YMR038C,3,10.0,53.0
YMR021C,10,3.0,65.0
YLR188W,2,5.0,81.0
YJR021C,10,19.0,26.0
YNL103W,13,,
YLR332W,36,2.0,62.0
YLR035C,4,10.0,31.0
YGL124C,12,12.0,109.0
YJR002W,21,1.0,17.0
YKL079W,93,1.0,41.0
YLR457C,12,,
YPL211W,19,3.0,98.0
YBL005W,3,4.0,9.0
YOR153W,16,,6.0
YLR067C,4,2.0,51.0
YNR045W,1,19.0,118.0
YGR222W,2,3.0,24.0
YOL147C,6,,17.0
YDR244W,16,1.0,39.0
YNL214W,6,3.0,71.0
YPL112C,4,2.0,25.0
YHR150W,3,,14.0
YBR168W,3,3.0,102.0
YDR479C,33,3.0,43.0
YOR122C,4,46.0,262.0
YNL221C,11,75.0,234.0
YBR257W,11,54.0,216.0
YGR030C,10,,7.0
YDR478W,5,18.0,157.0
YAL033W,7,12.0,97.0
YBL041W,15,76.0,189.0
YGR135W,22,33.0,131.0
YER013W,45,64.0,229.0
YEL015W,21,2.0,16.0
YER094C,2,10.0,120.0
YJL204C,10,,
YMR133W,5,2.0,9.0
YKL038W,6,3.0,37.0
YPL089C,7,2.0,24.0
YJL026W,10,4.0,7.0
YJL140W,48,20.0,19.0
YOR224C,17,11.0,82.0
YDR045C,16,5.0,124.0
YOR294W,11,2.0,30.0
YER021W,40,1.0,14.0
YDR427W,31,,
YFL036W,12,30.0,120.0
YOR259C,9,145.0,378.0
YHR031C,4,23.0,123.0
YLR292C,4,13.0,140.0
YAR008W,1,,3.0
YLR105C,3,2.0,50.0
YOR035C,7,18.0,228.0
YDR422C,6,1.0,53.0
YBR182C,13,8.0,66.0
YGL127C,22,26.0,184.0
YPL124W,9,9.0,142.0
YLR313C,5,1.0,27.0
YLR119W,8,58.0,245.0
YIL047C,3,2.0,28.0
YLR309C,26,2.0,27.0
YOR110W,12,,
YDR457W,540,18.0,159.0
YML085C,26,,
YEL013W,15,46.0,193.0
YOR008C,17,22.0,78.0
YDR135C,12,,25.0
YCR028C-A,7,3.0,48.0
YGR004W,2,1.0,40.0
YIR015W,10,,
YER005W,1,2.0,52.0
YGL210W,10,,16.0
YIR026C,25,8.0,29.0
YOR193W,1,1.0,22.0
YLR272C,5,29.0,163.0
YNL064C,22,93.0,257.0
YCL037C,15,8.0,27.0
YGR178C,16,10.0,44.0
YLR393W,23,12.0,118.0
YBL099W,14,,
YPL078C,16,14.0,42.0
YOL091W,35,2.0,20.0
YGL170C,1,4.0,61.0
YHL031C,18,2.0,72.0
YMR039C,10,14.0,145.0
YER114C,40,2.0,26.0
YNL293W,15,4.0,46.0
YOL112W,7,,25.0
YBL106C,9,2.0,38.0
YGR221C,2,2.0,17.0
YHR149C,6,,15.0
YOR101W,3,5.0,7.0
YCR059C,8,5.0,44.0
YCL027W,28,4.0,16.0
YLR330W,22,22.0,171.0
YGR140W,22,3.0,140.0
YER029C,101,,
YPL157W,5,38.0,143.0
YJR132W,12,2.0,
YIR038C,1,4.0,17.0
YLL060C,11,,10.0
YKL117W,112,,37.0
YMR042W,4,21.0,26.0
YML099C,4,7.0,39.0
YOL067C,2,47.0,164.0
YAL051W,11,1.0,5.0
YPL167C,13,,32.0
YLR178C,18,4.0,22.0
YLR399C,93,30.0,170.0
YLR141W,7,2.0,72.0
YDL020C,14,24.0,224.0
YJR032W,19,24.0,90.0
YDR118W,21,,
YCR097W,1,2.0,17.0
YCR039C,3,1.0,8.0
YGR217W,2,1.0,49.0
YMR260C,7,36.0,137.0
YNL188W,6,,
YNL085W,3,4.0,31.0
YIR008C,9,18.0,40.0
YDL227C,5,1.0,
YPR007C,14,10.0,49.0
YER106W,8,9.0,45.0
YLL026W,355,,1.0
YDR264C,9,12.0,113.0
YNL031C,504,12.0,40.0
YPR023C,17,37.0,150.0
YOL082W,17,12.0,14.0
YPR049C,46,3.0,83.0
YBL019W,9,1.0,20.0
YKL130C,12,,1.0
YPL116W,8,7.0,18.0
YMR048W,15,11.0,108.0
YOR367W,2,,8.0
YIR003W,6,2.0,46.0
YNL238W,6,34.0,111.0
YNL107W,54,21.0,94.0
YPR193C,8,5.0,61.0
YOL001W,14,44.0,93.0
YDL161W,7,16.0,109.0
YLR206W,5,4.0,46.0
YKL004W,5,53.0,289.0
YGL008C,5,47.0,607.0
YOR020C,2,92.0,188.0
YBL075C,11,4.0,37.0
YCL029C,58,4.0,38.0
YJL104W,12,43.0,126.0
YJR135W-A,2,3.0,81.0
YKR039W,31,7.0,20.0
YEL036C,12,165.0,468.0
YJR075W,10,15.0,252.0
YGL164C,1,,27.0
YNL027W,4,10.0,97.0
YPL046C,14,8.0,47.0
YGR100W,4,,15.0
YLR265C,34,11.0,32.0
YPL120W,63,26.0,161.0
YLR360W,5,45.0,138.0
YOR363C,2,2.0,10.0
YDL058W,7,48.0,195.0
YMR228W,12,,
YDL120W,14,13.0,52.0
YNR007C,8,8.0,37.0
YNL223W,3,6.0,59.0
YBR080C,19,19.0,141.0
YPL138C,22,1.0,17.0
YDR469W,7,32.0,232.0
YBR258C,9,,18.0
YDR363W-A,30,44.0,153.0
YGL105W,20,37.0,50.0
YCL043C,81,18.0,121.0
YLR116W,52,12.0,169.0
YKL074C,63,33.0,150.0
YEL020W-A,7,,
YDL095W,48,3.0,76.0
YAL023C,14,8.0,97.0
YOR321W,3,1.0,11.0
YJR143C,3,7.0,103.0
YKL057C,19,62.0,171.0
YKR082W,20,71.0,202.0
YLR321C,16,9.0,71.0
YIL160C,3,6.0,28.0
YBL079W,22,31.0,117.0
YNL030W,326,5.0,39.0
YDR023W,1,,3.0
YNL037C,2,13.0,80.0
YOR136W,10,26.0,81.0
YGR080W,7,5.0,27.0
YMR012W,3,5.0,3.0
YLR075W,14,89.0,202.0
YDR005C,10,1.0,47.0
YNL004W,20,9.0,22.0
YDR393W,15,26.0,57.0
YHR072W,2,23.0,235.0
YLR100W,2,3.0,82.0
YHR195W,4,,15.0
YEL005C,7,2.0,18.0
YLR150W,13,11.0,51.0
YMR268C,8,120.0,271.0
YNL087W,13,3.0,12.0
YOR275C,2,54.0,171.0
YPL065W,7,11.0,44.0
YPL084W,14,63.0,176.0
YLR025W,39,,4.0
YKR035W-A,10,4.0,72.0
YDR486C,55,10.0,85.0
YDR069C,22,28.0,141.0
YLR109W,5,1.0,28.0
YHR039C-A,13,,
YNL020C,24,6.0,45.0
YOR177C,8,5.0,16.0
YAL042W,3,5.0,31.0
YAL003W,5,1.0,9.0
YJR005W,8,1.0,45.0
YHR143W-A,8,,
YLL042C,3,20.0,44.0
YGR132C,5,11.0,72.0
YLR147C,18,,
YOR332W,10,,16.0
YLR430W,47,20.0,174.0
YPR056W,30,11.0,95.0
YDR320C,10,31.0,215.0
YOR370C,7,71.0,242.0
YOR065W,8,9.0,104.0
YIR021W,7,4.0,54.0
YBR273C,7,2.0,24.0
YJR010C-A,36,7.0,36.0
YML055W,10,3.0,43.0
YDR190C,421,43.0,79.0
YKR084C,4,6.0,56.0
YDR130C,87,2.0,78.0
YEL027W,5,118.0,224.0
YKL025C,3,4.0,45.0
YLR246W,5,5.0,36.0
YOL110W,1,10.0,27.0
YOL127W,548,,
YNR032C-A,17,2.0,66.0
YML105C,7,9.0,130.0
YPR094W,8,13.0,148.0
YPL213W,82,48.0,132.0
YNR038W,13,10.0,76.0
YEL034W,29,373.0,605.0
YHR068W,2,12.0,88.0
YJR070C,2,7.0,84.0
YAL001C,13,13.0,74.0
YNL329C,11,6.0,38.0
YOL044W,7,1.0,45.0
YDR375C,5,1.0,52.0
YGL060W,18,6.0,40.0
YKL154W,4,173.0,214.0
YDR231C,237,11.0,107.0
YIR012W,17,1.0,22.0
YGL054C,25,33.0,202.0
YIR009W,24,,4.0
YEL022W,11,2.0,18.0
YER107C,21,21.0,164.0
YMR218C,16,10.0,72.0
YDR407C,12,1.0,
YGR166W,6,49.0,166.0
YER001W,9,,17.0
YDR245W,11,21.0,129.0
YML132W,1,1.0,
YML129C,16,1.0,36.0
YJL093C,7,,14.0
YLR138W,3,11.0,40.0
YHR118C,27,31.0,200.0
YKR001C,14,25.0,218.0
YDL178W,1,2.0,18.0
YPR188C,3,,5.0
YPL047W,25,43.0,130.0
YPL155C,12,3.0,33.0
YKR090W,1,,
YOR083W,7,38.0,91.0
YOR054C,4,,24.0
YMR301C,1,6.0,81.0
YOR324C,32,2.0,19.0
YPR118W,2,1.0,24.0
YJL209W,1,2.0,65.0
YIL002C,12,7.0,52.0
YHR178W,1,24.0,150.0
YOR162C,3,3.0,1.0
YKR059W,10,5.0,79.0
YKL178C,1,,
YBR073W,3,2.0,25.0
YDR423C,3,3.0,12.0
YJL197W,11,4.0,97.0
YDR443C,110,26.0,151.0
YGL151W,24,18.0,118.0
YCL001W,1,7.0,74.0
YPL152W,4,11.0,61.0
YIL153W,41,4.0,84.0
YML074C,9,2.0,6.0
YOR330C,1,35.0,99.0
YEL018W,14,27.0,192.0
YJR082C,18,16.0,88.0
YNL136W,20,67.0,275.0
YDR359C,26,3.0,17.0
YER044C,8,,
YML008C,6,41.0,235.0
YOR301W,4,,26.0
YDR079C-A,11,40.0,155.0
YGR136W,12,,7.0
YPR154W,44,4.0,49.0
YDL141W,3,2.0,11.0
YHR134W,69,2.0,22.0
YDR289C,9,15.0,197.0
YPR108W,24,46.0,207.0
YBL003C,174,,5.0
YGL123W,608,59.0,235.0
YPL090C,552,13.0,37.0
YOR096W,544,6.0,39.0
YBR181C,1,10.0,56.0
YNL096C,2,8.0,47.0
YPL081W,544,4.0,77.0
YBR189W,1,2.0,16.0
YCR031C,589,13.0,53.0
YJL191W,4,1.0,30.0
YBL004W,21,,
YHR194W,3,29.0,33.0
YPL239W,3,6.0,30.0
YLR459W,1,75.0,315.0
YEL065W,2,,17.0
YGR181W,3,6.0,80.0
YLR456W,5,1.0,14.0
YGR089W,58,7.0,94.0
YKR054C,69,13.0,128.0
YDL181W,16,4.0,26.0
YKL179C,92,3.0,8.0
YLR190W,4,21.0,108.0
YOR195W,33,12.0,102.0
YNL079C,9,118.0,282.0
YIL138C,1,5.0,28.0
YMR124W,11,17.0,60.0
YDR379W,7,4.0,11.0
YJL114W,4,,
YJL113W,4,,
YDL099W,4,12.0,157.0
YDR285W,32,,
YEL043W,19,21.0,147.0
YEL061C,13,11.0,144.0
YGR130C,52,7.0,34.0
YJR083C,1,,10.0
YLR086W,13,23.0,88.0
YLR254C,58,40.0,167.0
YMR065W,6,1.0,12.0
YDL008W,15,,4.0
YFR029W,3,1.0,44.0
YBR108W,8,30.0,69.0
YFR008W,12,5.0,92.0
YOL081W,21,156.0,555.0
YEL024W,2,31.0,172.0
YDR238C,14,91.0,378.0
YML100W,5,6.0,17.0
YLL016W,1,,
YHR069C,17,11.0,54.0
YEL003W,15,104.0,304.0
YER124C,1,,17.0
YEL060C,3,2.0,78.0
YHR102W,17,,
YBR044C,3,9.0,13.0
YLR249W,8,1.0,4.0
YJL047C,13,5.0,61.0
YFR022W,2,,8.0
YHR079C-A,4,3.0,11.0
YDR004W,6,19.0,91.0
YGR134W,13,11.0,78.0
YMR054W,20,3.0,40.0
YOR188W,4,2.0,11.0
YDR389W,1,12.0,197.0
YLR450W,21,6.0,33.0
YLR207W,13,17.0,16.0
YML075C,3,6.0,69.0
YDR202C,9,6.0,87.0
YLR421C,16,4.0,32.0
YCL067C,3,,
YDR377W,2,,
YML081C-A,5,24.0,111.0
YDR298C,6,11.0,69.0
YNL315C,13,56.0,225.0
YNR001C,4,15.0,37.0
YBR072W,9,,
YJL100W,1,,1.0
YGR013W,24,3.0,44.0
YCL009C,1,11.0,25.0
YLR027C,4,2.0,62.0
YOR249C,17,97.0,245.0
YNL259C,2,,61.0
YFL016C,4,,
YLR240W,70,,
YCL066W,4,,
YEL019C,18,97.0,239.0
YEL046C,1,,
YPL249C,23,4.0,3.0
YMR192W,13,3.0,15.0
YCR060W,15,,4.0
YHR034C,18,28.0,53.0
YNL215W,12,36.0,239.0
YDL105W,8,151.0,350.0
YDR320C-A,30,,
YKL138C-A,26,,
YDR410C,2,2.0,2.0
YBR110W,4,17.0,201.0
YOL096C,21,,
YEL026W,9,10.0,99.0
YLR223C,14,,1.0
YGR270W,88,12.0,143.0
YKL212W,32,52.0,244.0
YBR021W,2,,
YEL063C,3,,
YLR128W,7,2.0,5.0
YOR124C,27,,43.0
YPL024W,3,10.0,169.0
YNR054C,37,8.0,101.0
YDL015C,11,36.0,125.0
YGR234W,16,3.0,11.0
YKL148C,1,7.0,39.0
YLL041C,2,10.0,32.0
YGR207C,9,3.0,15.0
YPR004C,4,4.0,42.0
YGR033C,17,11.0,108.0
YNR039C,3,3.0,15.0
YDR205W,1,2.0,35.0
YER033C,2,,15.0
YKL080W,10,27.0,67.0
YGR175C,8,2.0,7.0
YMR202W,5,10.0,35.0
YLR056W,3,341.0,650.0
YHR007C,1,17.0,178.0
YDR233C,30,6.0,13.0
YGR105W,13,8.0,30.0
YMR204C,8,6.0,18.0
YPR189W,21,30.0,91.0
YLR440C,16,9.0,174.0
YPR040W,9,,
YPL215W,32,,
YGR174C,9,19.0,148.0
YER129W,24,7.0,44.0
YKL160W,7,14.0,156.0
YNL209W,1993,1.0,47.0
YPL146C,169,23.0,73.0
YIL139C,10,,27.0
YNL206C,24,10.0,46.0
YOR204W,15,731.0,866.0
YJR091C,22,16.0,48.0
YJL129C,1,7.0,53.0
YOR346W,12,6.0,54.0
YGR209C,23,18.0,62.0
YMR186W,474,7.0,95.0
YPL187W,1,,
YER072W,9,9.0,93.0
YCR073C,23,2.0,22.0
YJL035C,1,3.0,33.0
YPL076W,2,48.0,234.0
YPL175W,1,,13.0
YMR164C,2,5.0,18.0
YNL310C,1,,
YDL230W,11,12.0,64.0
YOR119C,119,24.0,89.0
YMR216C,57,20.0,74.0
YOL013C,61,9.0,28.0
YMR069W,2,8.0,70.0
YDR440W,15,,57.0
YDL122W,10,5.0,125.0
YPR176C,8,20.0,190.0
YHR004C,7,32.0,121.0
Q0160,1,,
YNL047C,5,19.0,89.0
YJL058C,41,4.0,30.0
YCL034W,3,1.0,23.0
YDR078C,3,4.0,16.0
YPL121C,4,4.0,6.0
YPR080W,14,8.0,45.0
YKL197C,9,2.0,36.0
YDR153C,44,7.0,61.0
YBR210W,1,7.0,72.0
YDL201W,2,8.0,9.0
YMR264W,7,9.0,38.0
YGL225W,11,10.0,91.0
YIR022W,5,24.0,163.0
YHR024C,3,3.0,22.0
YLR342W,1,32.0,118.0
YKL054C,176,27.0,144.0
YHR041C,21,16.0,136.0
YNL328C,3,,11.0
YAL011W,13,26.0,180.0
YAL026C,18,24.0,68.0
YAR071W,5,18.0,92.0
YBL067C,50,27.0,75.0
YBL086C,2,22.0,50.0
YBL103C,30,45.0,151.0
YBR001C,4,,18.0
YBR030W,2,2.0,22.0
YBR054W,2,,4.0
YBR062C,1,,18.0
YBR067C,2,7.0,9.0
YBR084W,12,16.0,53.0
YBR095C,18,37.0,194.0
YBR139W,4,8.0,49.0
YBR148W,10,,9.0
YBR149W,1,3.0,36.0
YBR150C,3,3.0,37.0
YBR159W,20,1.0,9.0
YBR173C,23,40.0,183.0
YBR187W,7,9.0,38.0
YBR194W,155,,15.0
YBR197C,2,,4.0
YBR212W,11,27.0,80.0
YBR215W,7,9.0,41.0
YBR218C,4,1.0,24.0
YBR229C,3,18.0,76.0
YBR249C,3,1.0,12.0
YBR268W,2,,11.0
YBR281C,4,3.0,18.0
YCL016C,4,67.0,208.0
YCL017C,13,144.0,239.0
YCL031C,29,11.0,8.0
YCR030C,6,,
YCR043C,18,,1.0
YCR047C,3,,
YCR071C,13,22.0,26.0
YCR073W-A,3,2.0,22.0
YCR076C,8,,16.0
YCR081W,8,2.0,7.0
YCR087C-A,9,4.0,11.0
YCR090C,1,,4.0
YDL007W,17,37.0,204.0
YDL019C,11,,12.0
YDL031W,20,11.0,179.0
YDL036C,2,1.0,16.0
YDL044C,13,,17.0
YDL053C,6,3.0,31.0
YDL054C,1,,2.0
YDL055C,42,5.0,10.0
YDL078C,9,1.0,30.0
YDL092W,8,,
YDL103C,3,21.0,158.0
YDL115C,13,11.0,145.0
YDL139C,19,6.0,115.0
YDL143W,11,23.0,70.0
YDL182W,20,2.0,54.0
YDL241W,1,1.0,15.0
YDR006C,3,,43.0
YDR022C,15,1.0,20.0
YDR044W,14,28.0,134.0
YDR049W,9,31.0,134.0
YDR111C,3,2.0,19.0
YDR139C,9,4.0,19.0
YDR141C,7,8.0,114.0
YDR147W,2,12.0,60.0
YDR165W,1,1.0,17.0
YDR174W,25,6.0,74.0
YDR213W,4,3.0,37.0
YDR221W,4,,32.0
YDR234W,7,,
YDR235W,13,2.0,56.0
YDR248C,1,1.0,29.0
YDR251W,8,1.0,28.0
YDR272W,1,1.0,
YDR299W,6,2.0,63.0
YDR314C,8,,6.0
YDR322W,8,12.0,156.0
YDR330W,6,3.0,11.0
YDR337W,11,23.0,64.0
YDR353W,5,8.0,7.0
YDR354W,1,21.0,102.0
YDR362C,345,9.0,99.0
YDR372C,12,,22.0
YDR385W,25,5.0,50.0
YDR397C,5,103.0,333.0
YDR405W,73,30.0,87.0
YDR453C,4,,24.0
YDR462W,36,1.0,44.0
YDR463W,5,,3.0
YDR475C,4,3.0,32.0
YDR485C,11,22.0,247.0
YDR501W,1,12.0,10.0
YDR502C,4,,8.0
YDR515W,6,2.0,9.0
YDR517W,8,6.0,40.0
YDR519W,6,1.0,3.0
YDR533C,5,1.0,30.0
YEL001C,11,3.0,26.0
YEL012W,5,1.0,56.0
YEL016C,1,4.0,37.0
YEL023C,7,,1.0
YEL040W,1,2.0,64.0
YEL044W,13,,
YEL055C,2,62.0,292.0
YER030W,4,3.0,23.0
YER035W,6,3.0,43.0
YER047C,1,4.0,16.0
YER048W-A,4,22.0,27.0
YER050C,32,,
YER069W,1,,
YER071C,9,5.0,45.0
YER078C,2,6.0,48.0
YER086W,10,90.0,511.0
YER088C,4,2.0,19.0
YER091C,1,4.0,55.0
YER092W,15,24.0,180.0
YER098W,2,19.0,34.0
YER116C,28,18.0,112.0
YER139C,19,12.0,65.0
YER147C,13,43.0,180.0
YER174C,6,4.0,41.0
YFL002C,363,87.0,229.0
YFL007W,11,14.0,39.0
YFL013C,29,9.0,99.0
YFL023W,66,18.0,100.0
YFL044C,63,,23.0
YFR013W,14,3.0,20.0
YFR015C,6,4.0,36.0
YFR017C,2,1.0,10.0
YFR019W,9,33.0,115.0
YFR025C,3,,
YFR030W,6,3.0,35.0
YFR048W,1,2.0,40.0
YFR049W,6,,21.0
YGL014W,6,5.0,67.0
YGL020C,2,97.0,271.0
YGL039W,2,,6.0
YGL045W,5,14.0,99.0
YGL050W,1,8.0,54.0
YGL057C,1,18.0,56.0
YGL067W,4,7.0,52.0
YGL108C,1,,9.0
YGL110C,4,,9.0
YGL111W,62,9.0,90.0
YGL125W,1,1.0,39.0
YGL133W,10,8.0,96.0
YGL157W,3,1.0,13.0
YGL167C,19,43.0,343.0
YGL197W,4,10.0,47.0
YGL203C,3,15.0,67.0
YGL227W,106,9.0,40.0
YGL234W,3,3.0,14.0
YGR003W,9,2.0,42.0
YGR037C,7,7.0,37.0
YGR071C,3,5.0,29.0
YGR075C,4,1.0,62.0
YGR084C,16,1.0,25.0
YGR086C,31,11.0,74.0
YGR124W,4,,3.0
YGR161C,8,1.0,54.0
YGR165W,14,,
YGR170W,2,4.0,78.0
YGR204W,5,1.0,1.0
YGR206W,3,31.0,67.0
YGR237C,5,13.0,29.0
YGR248W,1,3.0,39.0
YGR251W,12,70.0,224.0
YGR253C,15,26.0,110.0
YGR277C,7,24.0,165.0
YGR286C,2,,52.0
YHL008C,4,6.0,44.0
YHL029C,4,55.0,261.0
YHL032C,6,1.0,
YHL034C,61,4.0,60.0
YHR042W,7,8.0,15.0
YHR097C,2,,8.0
YHR104W,3,21.0,95.0
YHR121W,17,9.0,32.0
YHR124W,3,19.0,40.0
YHR127W,4,7.0,20.0
YHR131C,2,,
YHR138C,2,1.0,7.0
YHR146W,4,3.0,9.0
YHR161C,8,,1.0
YHR185C,3,1.0,49.0
YHR193C,15,19.0,57.0
YHR198C,1,2.0,36.0
YHR201C,1,18.0,165.0
YIL015W,1,8.0,52.0
YIL017C,9,5.0,103.0
YIL020C,2,,
YIL036W,2,3.0,8.0
YIL043C,18,8.0,27.0
YIL045W,9,,16.0
YIL051C,13,,56.0
YIL056W,2,3.0,19.0
YIL069C,8,4.0,27.0
YIL070C,51,11.0,82.0
YIL076W,22,100.0,351.0
YIL091C,18,2.0,99.0
YIL093C,6,,5.0
YIL096C,1,5.0,7.0
YIL097W,3,3.0,46.0
YIL098C,3,28.0,119.0
YIL101C,5,3.0,27.0
YIL103W,15,1.0,7.0
YIL108W,2,,
YIL127C,1,4.0,44.0
YIL135C,1,,20.0
YIL137C,212,,21.0
YIL148W,27,18.0,98.0
YIL156W,6,,10.0
YIL161W,12,3.0,15.0
YIL162W,4,7.0,27.0
YJL024C,1,6.0,66.0
YJL051W,1,3.0,63.0
YJL063C,7,21.0,56.0
YJL070C,5,3.0,28.0
YJL084C,11,,2.0
YJL102W,2,44.0,246.0
YJL107C,4,37.0,67.0
YJL144W,3,1.0,19.0
YJL146W,3,21.0,56.0
YJL155C,1,2.0,8.0
YJL180C,3,13.0,89.0
YJL217W,2,,20.0
YJR011C,11,16.0,63.0
YJR036C,1,1.0,31.0
YJR041C,52,13.0,112.0
YJR047C,2,4.0,20.0
YJR059W,211,32.0,150.0
YJR067C,2,4.0,46.0
YJR069C,1,5.0,18.0
YJR089W,20,428.0,518.0
YJR094W-A,3,2.0,27.0
YJR109C,8,,
YJR113C,5,3.0,83.0
YJR119C,27,4.0,44.0
YJR140C,4,44.0,155.0
YKL005C,5,4.0,55.0
YKL035W,6,15.0,57.0
YKL047W,3,,3.0
YKL056C,4,9.0,60.0
YKL061W,10,1.0,7.0
YKL069W,4,,28.0
YKL075C,4,2.0,34.0
YKL093W,3,4.0,38.0
YKL096W-A,2,5.0,20.0
YKL104C,3,12.0,55.0
YKL122C,8,,
YKL124W,3,,13.0
YKL126W,39,,1.0
YKL128C,2,,18.0
YKL151C,1,,13.0
YKL157W,9,13.0,63.0
YKL159C,6,1.0,19.0
YKL164C,1,4.0,29.0
YKL172W,15,9.0,78.0
YKL173W,20,19.0,177.0
YKL185W,13,8.0,50.0
YKL191W,7,14.0,40.0
YKL204W,124,143.0,167.0
YKL206C,4,9.0,81.0
YKR003W,1,1.0,37.0
YKR009C,3,2.0,20.0
YKR010C,14,9.0,65.0
YKR025W,11,,29.0
YKR027W,5,8.0,48.0
YKR042W,1,9.0,58.0
YKR049C,1,,12.0
YKR071C,6,,
YKR072C,9,9.0,69.0
YKR078W,1,1.0,10.0
YKR092C,12,19.0,82.0
YKR098C,4,1.0,37.0
YLL002W,12,19.0,144.0
YLL022C,22,,18.0
YLL032C,1,2.0,34.0
YLR011W,3,1.0,34.0
YLR022C,21,19.0,101.0
YLR028C,6,6.0,37.0
YLR039C,6,221.0,506.0
YLR052W,16,46.0,245.0
YLR069C,3,4.0,17.0
YLR090W,6,6.0,56.0
YLR143W,2,,12.0
YLR144C,9,4.0,24.0
YLR146C,1,5.0,37.0
YLR153C,21,33.0,158.0
YLR154C,1,5.0,42.0
YLR170C,15,13.0,99.0
YLR179C,4,5.0,18.0
YLR180W,35,10.0,48.0
YLR187W,7,,1.0
YLR194C,1,3.0,40.0
YLR199C,11,2.0,27.0
YLR210W,3,7.0,38.0
YLR218C,5,,83.0
YLR221C,9,21.0,27.0
YLR231C,3,3.0,15.0
YLR239C,1,8.0,96.0
YLR270W,3,8.0,48.0
YLR275W,16,219.0,469.0
YLR278C,3,6.0,32.0
YLR287C,3,3.0,9.0
YLR295C,9,13.0,90.0
YLR299W,1,7.0,31.0
YLR304C,18,30.0,75.0
YLR325C,4,15.0,62.0
YLR333C,5,1.0,39.0
YLR336C,32,2.0,32.0
YLR354C,2,,33.0
YLR356W,3,39.0,71.0
YLR363W-A,2,23.0,42.0
YLR371W,13,124.0,325.0
YLR373C,6,39.0,151.0
YLR375W,1,1.0,20.0
YLR382C,9,5.0,
YLR385C,17,2.0,40.0
YLR387C,8,,9.0
YLR401C,1,3.0,7.0
YLR407W,3,1.0,33.0
YLR408C,7,1.0,15.0
YLR455W,40,,22.0
YML011C,7,2.0,3.0
YML017W,2,12.0,73.0
YML025C,25,,
YML034W,13,4.0,90.0
YML046W,16,2.0,85.0
YML056C,13,2.0,14.0
YML091C,28,,
YML101C,5,1.0,40.0
YML131W,12,2.0,14.0
YMR010W,1,7.0,27.0
YMR014W,5,,
YMR019W,1,7.0,29.0
YMR020W,1,2.0,25.0
YMR027W,4,,
YMR031C,24,5.0,27.0
YMR044W,6,16.0,88.0
YMR067C,3,13.0,109.0
YMR071C,6,3.0,41.0
YMR072W,21,10.0,43.0
YMR075W,16,31.0,172.0
YMR086W,18,2.0,9.0
YMR108W,8,,
YMR110C,1,6.0,32.0
YMR123W,7,42.0,180.0
YMR135C,9,4.0,49.0
YMR140W,4,7.0,41.0
YMR144W,3,1.0,19.0
YMR169C,1,1.0,16.0
YMR173W,10,5.0,16.0
YMR188C,8,,
YMR193W,18,18.0,143.0
YMR200W,5,12.0,115.0
YMR214W,4,12.0,68.0
YMR237W,8,2.0,43.0
YMR258C,2,1.0,6.0
YMR259C,9,,
YMR297W,12,,
YMR310C,25,3.0,51.0
YNL005C,18,9.0,118.0
YNL024C,5,,9.0
YNL049C,7,17.0,95.0
YNL052W,2,,
YNL059C,21,,
YNL067W,6,7.0,60.0
YNL071W,2,32.0,154.0
YNL072W,4,9.0,47.0
YNL073W,13,3.0,1.0
YNL092W,11,,
YNL134C,1,4.0,35.0
YNL137C,13,1.0,7.0
YNL151C,9,4.0,130.0
YNL153C,11,158.0,390.0
YNL155W,32,2.0,3.0
YNL162W,9,,
YNL164C,1,13.0,64.0
YNL168C,3,3.0,21.0
YNL177C,7,13.0,32.0
YNL220W,3,13.0,101.0
YNL224C,21,3.0,54.0
YNL227C,7,63.0,74.0
YNL234W,1,,14.0
YNL247W,5,8.0,28.0
YNL252C,32,121.0,360.0
YNL255C,357,5.0,64.0
YNL256W,2,,
YNL261W,22,4.0,54.0
YNL274C,2,,3.0
YNL281W,2,11.0,46.0
YNL294C,2,52.0,275.0
YNL308C,32,59.0,170.0
YNL325C,4,10.0,77.0
YNR014W,2,,
YNR024W,25,6.0,54.0
YNR034W,9,11.0,20.0
YNR036C,11,4.0,41.0
YNR047W,31,20.0,25.0
YOL016C,53,4.0,21.0
YOL025W,6,,16.0
YOL028C,8,3.0,14.0
YOL033W,3,,
YOL052C,2,4.0,23.0
YOL057W,3,3.0,40.0
YOL064C,1,4.0,100.0
YOL097C,3,14.0,206.0
YOL098C,12,1.0,33.0
YOL109W,5,,4.0
YOL159C-A,1,3.0,52.0
YOR007C,22,5.0,80.0
YOR048C,16,74.0,224.0
YOR051C,2,,
YOR058C,15,23.0,79.0
YOR081C,14,,12.0
YOR091W,247,1.0,21.0
YOR097C,4,,20.0
YOR108W,3,6.0,40.0
YOR142W,4,9.0,29.0
YOR158W,16,,
YOR168W,4,49.0,164.0
YOR172W,2,1.0,6.0
YOR173W,2,,18.0
YOR189W,16,23.0,78.0
YOR196C,6,,
YOR207C,296,2.0,12.0
YOR209C,8,3.0,16.0
YOR242C,16,13.0,62.0
YOR252W,4,,14.0
YOR289W,1,,9.0
YOR305W,3,,15.0
YOR334W,9,3.0,70.0
YOR347C,1,7.0,36.0
YOR359W,4,13.0,75.0
YOR374W,2,3.0,10.0
YPL004C,14,2.0,13.0
YPL009C,13,2.0,53.0
YPL012W,38,,42.0
YPL016W,16,68.0,169.0
YPL028W,3,7.0,127.0
YPL032C,10,2.0,71.0
YPL040C,3,3.0,69.0
YPL066W,4,4.0,85.0
YPL105C,2,1.0,15.0
YPL122C,7,6.0,127.0
YPL133C,2,1.0,12.0
YPL141C,98,,17.0
YPL144W,16,11.0,75.0
YPL160W,5,76.0,208.0
YPL177C,3,1.0,56.0
YPL180W,19,7.0,81.0
YPL190C,17,,
YPL199C,1,,
YPL201C,18,1.0,28.0
YPL207W,3,2.0,35.0
YPL208W,5,1.0,5.0
YPL217C,52,78.0,263.0
YPL226W,15,25.0,131.0
YPL227C,2,18.0,120.0
YPL231W,7,36.0,289.0
YPL245W,5,8.0,33.0
YPL247C,3,,
YPR008W,4,6.0,11.0
YPR045C,11,5.0,58.0
YPR061C,1,6.0,140.0
YPR062W,5,5.0,17.0
YPR065W,1,13.0,87.0
YPR074C,4,3.0,43.0
YPR114W,5,2.0,11.0
YPR162C,15,8.0,129.0
YPR164W,14,24.0,114.0
YPR171W,7,2.0,47.0
YPR190C,526,,60.0
YBR097W,47,1.0,4.0
YBR166C,4,7.0,82.0
YBR214W,1,,23.0
YCL045C,1,11.0,88.0
YCR003W,2,32.0,126.0
YCR065W,5,11.0,99.0
YCR082W,19,1.0,17.0
YDL085C-A,2,,15.0
YDL111C,17,4.0,106.0
YDL168W,8,6.0,86.0
YDL234C,1,,20.0
YDL236W,2,4.0,31.0
YDL238C,3,3.0,17.0
YDR047W,4,28.0,108.0
YDR124W,11,2.0,89.0
YDR169C,5,2.0,26.0
YDR347W,28,3.0,43.0
YDR532C,3,,
YEL047C,2,1.0,5.0
YEL054C,7,6.0,50.0
YER063W,6,,19.0
YGL017W,4,,
YGL232W,4,1.0,43.0
YGR031W,1,2.0,11.0
YGR043C,3,3.0,11.0
YGR081C,53,52.0,108.0
YGR177C,12,9.0,19.0
YGR202C,1,6.0,52.0
YHL014C,9,4.0,32.0
YHL024W,5,6.0,40.0
YHR070W,2,,
YHR137W,3,1.0,27.0
YIL039W,6,10.0,73.0
YIR007W,10,,16.0
YIR035C,3,2.0,15.0
YJL023C,3,12.0,74.0
YJL062W-A,17,13.0,164.0
YJL162C,1,2.0,19.0
YJL179W,9,61.0,92.0
YJR009C,6,1.0,19.0
YJR058C,4,,15.0
YJR096W,3,,19.0
YJR098C,1,2.0,21.0
YJR121W,18,12.0,90.0
YJR156C,2,2.0,25.0
YKL009W,67,16.0,96.0
YLR048W,1,2.0,30.0
YLR057W,1,1.0,33.0
YLR072W,18,,7.0
YLR083C,1,3.0,17.0
YLR085C,7,91.0,328.0
YLR089C,4,22.0,71.0
YLR312W-A,31,,
YLR426W,1,30.0,161.0
YML060W,2,2.0,30.0
YML106W,4,5.0,43.0
YMR029C,9,3.0,38.0
YMR074C,1,2.0,30.0
YMR098C,1,,5.0
YMR113W,2,,
YMR154C,2,22.0,131.0
YMR170C,2,2.0,12.0
YMR323W,1,,
YNL022C,1,2.0,11.0
YNL112W,8,9.0,112.0
YNL239W,1,,33.0
YNL286W,2,5.0,19.0
YOL065C,2,8.0,25.0
YOL142W,12,,
YOL146W,9,,36.0
YOR009W,2,3.0,45.0
YOR052C,5,,28.0
YOR086C,6,3.0,39.0
YOR133W,4,3.0,12.0
YOR236W,4,25.0,121.0
YOR238W,1,,
YOR299W,6,1.0,19.0
YOR304C-A,12,9.0,17.0
YOR322C,3,2.0,65.0
YOR342C,2,,
YOR352W,5,4.0,25.0
YOR360C,76,30.0,201.0
YOR365C,1,6.0,42.0
YPL055C,53,48.0,268.0
YPL220W,15,4.0,18.0
YPL243W,10,3.0,37.0
YPR116W,8,,
YPR134W,2,1.0,48.0
YPR140W,6,8.0,12.0
YPR184W,3,1.0,1.0
YDR035W,1,,9.0
YFL045C,5,21.0,103.0
YGR214W,548,18.0,49.0
YHL011C,11,1.0,5.0
YKL029C,41,16.0,43.0
YLL018C,19,,1.0
YLL040C,15,8.0,122.0
YLR106C,11,3.0,61.0
YOL120C,40,,
YML117W,2,3.0,50.0
YGR281W,16,132.0,61.0
YML072C,11,123.0,108.0
YGR231C,7,65.0,76.0
YNR050C,3,,
YHR019C,25,39.0,94.0
YOL077C,46,18.0,65.0
YLR449W,22,1.0,40.0
YBR265W,1,11.0,71.0
YMR261C,3,19.0,25.0
YBR039W,3,3.0,43.0
YBR205W,13,1.0,19.0
YLR088W,6,9.0,91.0
YLR447C,12,1.0,7.0
YPL048W,5,7.0,28.0
YJL111W,6,12.0,70.0
YNL212W,8,2.0,11.0
YOR281C,7,3.0,25.0
YHR029C,1,5.0,19.0
YGL171W,7,,2.0
YPR112C,36,84.0,154.0
YDL066W,6,1.0,12.0
YPL166W,14,8.0,24.0
YIL094C,19,,
YPL266W,7,8.0,68.0
YKL045W,5,6.0,68.0
YDL018C,54,3.0,48.0
YNL055C,28,40.0,282.0
YJL052W,2,,12.0
YDL171C,7,8.0,56.0
YER103W,15,1.0,15.0
YKL039W,6,2.0,34.0
YPL061W,8,11.0,39.0
YDR041W,18,,
YPL013C,23,14.0,75.0
YGL128C,9,,8.0
YDR186C,2,13.0,122.0
YHL030W,136,5.0,40.0
YFR001W,47,1.0,16.0
YDR161W,6,3.0,95.0
YIL084C,9,72.0,221.0
YPL083C,1,4.0,91.0
YBR105C,159,3.0,96.0
YLR425W,4,125.0,233.0
YDL166C,34,,
YLR436C,3,1.0,12.0
YKL211C,10,2.0,24.0
YDL167C,5,7.0,25.0
YJR077C,12,9.0,23.0
YHL001W,2,4.0,31.0
YCR046C,22,81.0,146.0
YDR296W,47,,24.0
YNL192W,2,14.0,19.0
YNL249C,5,1.0,25.0
YLR139C,13,2.0,
YFL018C,5,35.0,249.0
YGR193C,2,3.0,21.0
YPR191W,14,7.0,74.0
YGL245W,3,77.0,170.0
YAL048C,6,4.0,40.0
YJL101C,5,9.0,120.0
YPR174C,11,4.0,34.0
YDR434W,5,45.0,244.0
YJL208C,13,3.0,48.0
YMR099C,6,6.0,32.0
YNL076W,9,1.0,9.0
YPL249C-A,4,,
YHR208W,10,11.0,64.0
YOR201C,1,31.0,78.0
YGL001C,2,14.0,55.0
YDR346C,6,1.0,17.0
YPL023C,2,3.0,36.0
YPL219W,6,23.0,47.0
YJL099W,10,7.0,107.0
YPL007C,10,1.0,51.0
YJL039C,31,,
YOL124C,1,7.0,23.0
YDR068W,1,,4.0
YBR086C,8,23.0,69.0
YHR179W,2,2.0,45.0
YFL022C,3,28.0,46.0
YOR187W,1,13.0,99.0
YLR172C,3,13.0,125.0
YDL033C,1,6.0,37.0
YPL128C,3,5.0,12.0
YCR095C,3,20.0,72.0
YPL210C,11,5.0,57.0
YML067C,14,7.0,52.0
YOR267C,57,10.0,37.0
YER178W,3,17.0,127.0
YML107C,1,37.0,61.0
YNL063W,2,,
YHR129C,5,16.0,97.0
YIL009C-A,3,4.0,39.0
YAL013W,11,95.0,378.0
YGL071W,12,15.0,118.0
YGL018C,1,1.0,22.0
YHR154W,44,116.0,190.0
YML036W,8,13.0,61.0
YGL183C,2,1.0,21.0
YPL176C,3,,14.0
YMR163C,2,4.0,32.0
YNL123W,1,,8.0
YFL025C,1,58.0,225.0
YMR058W,1,,17.0
YFL041W,6,1.0,30.0
YPR075C,7,10.0,42.0
YMR076C,274,35.0,99.0
YJL057C,60,1.0,54.0
YOR233W,35,2.0,86.0
YOR231W,32,9.0,45.0
YDL214C,41,1.0,3.0
YER123W,22,4.0,31.0
YGL059W,93,2.0,1.0
YKL171W,52,6.0,28.0
YDR466W,39,7.0,31.0
OK/SW-cl.81,1,,
YDL137W,2,5.0,42.0
ETG10291,2,,
YDR322C-A,1,7.0,34.0
RP11-247A12.4,2,,
YOL003C,7,2.0,42.0
YDR014W-A,2,,
YCL044C,2,11.0,88.0
YPR024W,9,179.0,160.0
YHR133C,4,,3.0
YOL027C,55,13.0,98.0
YPR125W,45,4.0,16.0
YOR073W,12,18.0,37.0
YBR201W,12,41.0,155.0
YGR148C,2,1.0,19.0
YIL019W,44,6.0,44.0
YBR070C,3,42.0,113.0
YGL047W,3,8.0,63.0
YGR085C,1,40.0,99.0
YHR181W,11,5.0,53.0
MIG1,2,,
YFL049W,10,7.0,65.0
YBL006C,5,6.0,108.0
YMR298W,5,12.0,42.0
YHL003C,4,13.0,42.0
YPR143W,31,8.0,84.0
YOR357C,12,5.0,37.0
YMR004W,5,10.0,87.0
YCR063W,21,,
YDR093W,1,5.0,49.0
YER166W,2,2.0,17.0
YLR361C,2,6.0,79.0
YDR096W,167,1.0,40.0
YLR276C,3,10.0,121.0
YPL125W,10,18.0,34.0
YIL030C,14,11.0,59.0
YDR059C,16,1.0,10.0
YLL009C,9,14.0,173.0
YAL056W,2,3.0,33.0
YGL089C,1,,
YLR378C,355,28.0,151.0
YHL033C,6,13.0,58.0
YKL143W,60,16.0,3.0
YNL178W,734,41.0,139.0
YGR268C,21,,11.0
YJL207C,3,,6.0
YDR411C,14,5.0,12.0
YML013W,23,21.0,114.0
Q0130,3,,
YLR228C,1,4.0,31.0
YOR034C,1,3.0,44.0
YIL003W,2,21.0,218.0
YMR119W,6,9.0,47.0
YBL057C,5,4.0,29.0
YHR001W,2,5.0,74.0
YPL132W,7,,15.0
YNL326C,3,,
YMR277W,18,171.0,336.0
YJL014W,61,35.0,114.0
YJR040W,1,3.0,49.0
YIR037W,16,,19.0
YKR031C,7,,9.0
YPL027W,1,,32.0
YOR166C,4,10.0,12.0
YBL033C,2,,
YBL068W,2,2.0,27.0
YBR137W,2,6.0,29.0
YBR239C,1,2.0,35.0
YBR246W,2,1.0,26.0
YCL019W,2,,
YCR036W,1,19.0,37.0
YDL121C,12,3.0,36.0
YDR020C,2,4.0,42.0
YDR034C,2,,8.0
YDR252W,9,1.0,40.0
YDR256C,5,2.0,13.0
YDR259C,7,3.0,19.0
YDR261W-A,2,,
YDR321W,3,,
YDR446W,5,1.0,17.0
YDR541C,1,,27.0
YEL017W,3,6.0,13.0
YEL041W,10,3.0,63.0
YEL048C,18,2.0,45.0
YEL062W,8,15.0,96.0
YEL066W,2,1.0,28.0
YER038C,4,21.0,134.0
YER099C,3,18.0,46.0
YER128W,2,3.0,20.0
YFR007W,1,1.0,36.0
YGL040C,1,6.0,43.0
YGL156W,4,1.0,12.0
YGL187C,124,7.0,94.0
YGR066C,6,,
YGR121C,3,4.0,54.0
YGR189C,1,,23.0
YGR196C,1,16.0,108.0
YGR247W,2,3.0,27.0
YHR009C,5,,8.0
YHR025W,2,2.0,7.0
YHR074W,1,23.0,137.0
YHR113W,4,,26.0
YIL053W,5,5.0,28.0
YIL092W,2,2.0,23.0
YIR016W,2,13.0,147.0
YJL153C,1,11.0,20.0
YJL218W,1,4.0,2.0
YJR008W,1,1.0,8.0
YJR010W,1,3.0,20.0
YJR055W,4,2.0,33.0
YJR056C,1,16.0,56.0
YKL043W,1,5.0,26.0
YKL050C,2,5.0,27.0
YKR100C,1,5.0,32.0
YLR030W,1,,7.0
YLR049C,1,,2.0
YLR108C,25,,3.0
YLR125W,1,1.0,14.0
YLR267W,2,3.0,46.0
YLR446W,2,,8.0
YLR453C,6,11.0,43.0
YML014W,3,18.0,69.0
YML042W,3,,5.0
YML125C,5,43.0,197.0
YMR316W,1,5.0,34.0
YNL152W,11,19.0,154.0
YNL159C,4,28.0,161.0
YNL331C,1,3.0,34.0
YNL333W,3,,11.0
YNL334C,4,2.0,51.0
YOL131W,1,3.0,21.0
YOR037W,7,1.0,71.0
YOR059C,3,6.0,25.0
YOR111W,2,1.0,3.0
YOR155C,2,,25.0
YOR167C,4,,17.0
YOR171C,1,8.0,83.0
YOR284W,3,3.0,6.0
YOR285W,2,3.0,16.0
YOR302W,1,,
YOR380W,1,5.0,65.0
YOR385W,3,1.0,16.0
YPL070W,40,,16.0
YPL077C,18,11.0,51.0
YPL088W,1,,8.0
YPL091W,1,1.0,28.0
YPL095C,3,1.0,48.0
YPL159C,4,1.0,102.0
YPR071W,1,,18.0
YPR083W,3,15.0,55.0
YPR106W,33,8.0,42.0
YPR148C,2,3.0,
YFR044C,3,3.0,12.0
YNL191W,2,1.0,12.0
YNL246W,11,14.0,34.0
YDR100W,7,4.0,23.0
YER145C,4,1.0,15.0
YOR219C,1,,
YJL151C,3,2.0,14.0
YER169W,5,13.0,88.0
YPL267W,6,,23.0
YBR005W,1,1.0,
YDR465C,4,3.0,19.0
YDR424C,10,2.0,36.0
YDL107W,2,4.0,134.0
YER044C-A,4,2.0,16.0
YLR201C,63,26.0,105.0
YDR495C,9,3.0,52.0
YHR205W,32,45.0,211.0
YLL043W,5,8.0,142.0
YPR124W,1,5.0,57.0
YCR017C,1,6.0,63.0
YKL082C,10,4.0,84.0
YMR143W,2,7.0,39.0
YDL083C,1,5.0,41.0
YGR112W,48,17.0,53.0
YIL157C,9,2.0,57.0
YBL060W,1,3.0,13.0
ETG9266,1,,
OK/SW-cl.43,1,,
YPR035W,5,4.0,90.0
YFR046C,37,25.0,52.0
YBL063W,4,2.0,11.0
YGL216W,16,11.0,115.0
YDR270W,1,3.0,34.0
YKL152C,3,,
YGR191W,1,,4.0
YIR019C,1,3.0,39.0
YMR289W,2,12.0,35.0
YLR021W,10,34.0,86.0
YMR017W,3,1.0,24.0
YJR122W,2,,
YPR067W,1,,
YOR094W,7,2.0,42.0
YOR216C,7,65.0,266.0
YGR271C-A,38,,
YLR018C,20,11.0,121.0
ETG2648,1,,
KL04P,2,,
YLR024C,14,37.0,137.0
YPL193W,10,,
YOL129W,5,7.0,61.0
RP3-422H11.1,1,,
OK/SW-cl.3,1,,
YDR160W,3,6.0,69.0
YLR431C,70,14.0,8.0
YJL178C,68,5.0,38.0
YKL062W,1,1.0,25.0
YGR029W,12,,8.0
YKR066C,38,3.0,8.0
YNL001W,9,2.0,63.0
ETG5886,1,,
ETG5504,1,,
YOR066W,4,,16.0
YIR011C,4,2.0,43.0
YGR094W,2,5.0,7.0
YJL097W,9,23.0,168.0
AT1G05055,1,,
YIL073C,37,4.0,33.0
ETG1786,2,,
ETG387,1,,
ETG5566,2,,
CELE_C07A9.3,1,,
YDR050C,4,1.0,39.0
YGR099W,17,159.0,253.0
ETG56424,1,,
YLL024C,59,,42.0
RP1-130E4.1,1,,
YNL142W,10,17.0,40.0
AT3G19210,1,,
YDR483W,2,3.0,31.0
ETG116549,1,,
YOR129C,2,3.0,37.0
YPL069C,1,60.0,210.0
YPR129W,63,12.0,59.0
ETG1457,11,,
YLR044C,2,4.0,51.0
YPR060C,1,7.0,82.0
YJR139C,1,26.0,156.0
YKR080W,1,,9.0
YFL017C,1,36.0,82.0
YOR143C,1,29.0,112.0
YPR037C,2,,21.0
YBR003W,1,3.0,23.0
YLR351C,1,6.0,14.0
YIR029W,2,9.0,63.0
YMR318C,2,4.0,32.0
YML079W,1,,7.0
YPL189C-A,1,1.0,24.0
ETG10403,1,,
ETG9569,1,,
ETG2969,1,,
Q0085,13,,
YAL012W,1,9.0,73.0
YAL044W-A,8,,14.0
YAL046C,19,3.0,41.0
YAL054C,1,8.0,21.0
YAL055W,2,7.0,77.0
YAR027W,3,1.0,11.0
YAR028W,2,13.0,18.0
YBL001C,1,3.0,20.0
YBL020W,4,129.0,387.0
YBL069W,1,6.0,24.0
YBL091C-A,5,5.0,23.0
YBL101C,2,1.0,32.0
YBR019C,1,2.0,18.0
YBR029C,2,9.0,118.0
YBR042C,5,4.0,21.0
YBR111C,7,3.0,20.0
YBR122C,1,,9.0
YBR153W,1,2.0,25.0
YBR162W-A,2,2.0,47.0
YBR241C,3,,12.0
YBR242W,2,,13.0
YBR243C,4,,
YBR252W,1,21.0,52.0
YBR261C,146,,
YCL021W-A,1,,
YCL033C,6,,9.0
YCR020C,1,13.0,28.0
YCR021C,2,5.0,72.0
YCR024C,2,12.0,116.0
YCR051W,3,,
YCR068W,4,7.0,34.0
YCR083W,26,6.0,18.0
YCR105W,7,,5.0
YDL045C,2,5.0,34.0
YDL057W,10,8.0,41.0
YDL072C,8,,6.0
YDL073W,3,5.0,48.0
YDL117W,15,6.0,67.0
YDL133C-A,1,,1.0
YDL144C,2,1.0,11.0
YDL157C,1,8.0,75.0
YDL184C,1,,8.0
YDL189W,16,,27.0
YDR107C,2,1.0,18.0
YDR116C,12,8.0,89.0
YDR222W,1,3.0,11.0
YDR239C,1,5.0,11.0
YDR242W,1,7.0,42.0
YDR284C,15,4.0,3.0
YDR304C,9,1.0,16.0
YDR374C,2,2.0,40.0
YDR399W,1,24.0,166.0
YDR418W,1,5.0,53.0
YDR441C,1,1.0,
YDR476C,5,,11.0
YDR513W,8,1.0,33.0
YDR518W,56,27.0,106.0
YDR520C,2,,21.0
YDR531W,1,11.0,120.0
YEL020C,1,4.0,127.0
YEL042W,4,19.0,124.0
YEL053C,2,4.0,35.0
YEL072W,1,1.0,17.0
YER010C,1,1.0,36.0
YER015W,20,1.0,7.0
YER024W,1,6.0,33.0
YER052C,1,21.0,122.0
YER056C-A,5,20.0,46.0
YER101C,2,15.0,86.0
YER134C,1,17.0,62.0
YER150W,2,,11.0
YER182W,4,,
YER184C,2,1.0,3.0
YFL047W,3,3.0,19.0
YGL026C,1,,
YGL036W,1,6.0,26.0
YGL037C,2,3.0,24.0
YGL065C,1,16.0,111.0
YGL068W,1,,
YGL104C,4,1.0,16.0
YGL141W,2,2.0,17.0
YGL247W,5,40.0,205.0
YGR027C,6,3.0,62.0
YGR028W,5,1.0,39.0
YGR038W,11,1.0,25.0
YGR088W,2,3.0,25.0
YGR149W,1,20.0,68.0
YGR203W,9,40.0,96.0
YGR205W,1,1.0,
YGR263C,1,7.0,27.0
YGR284C,19,8.0,145.0
YHL039W,5,3.0,16.0
YHR022C,4,,
YHR026W,3,,
YHR072W-A,3,3.0,75.0
YHR076W,80,3.0,9.0
YHR096C,3,,17.0
YHR106W,3,2.0,2.0
YHR112C,1,12.0,26.0
YHR123W,2,7.0,55.0
YHR140W,3,,15.0
YHR211W,4,,1.0
YIL018W,1,4.0,10.0
YIL085C,2,,15.0
YIL122W,6,,29.0
YIL124W,5,13.0,30.0
YIL152W,9,2.0,37.0
YIR017C,3,12.0,38.0
YIR036C,1,,
YJL077W-B,1,1.0,34.0
YJL083W,1,3.0,33.0
YJL117W,6,6.0,74.0
YJL121C,1,4.0,54.0
YJL134W,3,14.0,44.0
YJL145W,2,,
YJL185C,6,1.0,2.0
YJL189W,4,,2.0
YJR003C,16,,22.0
YJR013W,3,23.0,133.0
YJR039W,3,6.0,37.0
YJR044C,4,3.0,37.0
YJR057W,5,14.0,165.0
YJR073C,3,99.0,368.0
YJR101W,2,7.0,109.0
YJR118C,4,129.0,254.0
YKL019W,8,3.0,9.0
YKL032C,91,16.0,110.0
YKL040C,10,25.0,127.0
YKL063C,1,1.0,11.0
YKL071W,4,,
YKL098W,1,17.0,100.0
YKL132C,2,15.0,54.0
YKL168C,20,4.0,46.0
YKL192C,13,,
YKL218C,1,8.0,84.0
YKR043C,1,3.0,20.0
YKR097W,4,12.0,33.0
YLL014W,4,9.0,86.0
YLL045C,5,14.0,57.0
YLR031W,11,4.0,12.0
YLR036C,2,,13.0
YLR114C,1,23.0,99.0
YLR157C,1,9.0,28.0
YLR173W,1,2.0,28.0
YLR177W,5,,8.0
YLR219W,1,,
YLR227C,4,22.0,50.0
YLR244C,4,,
YLR257W,1,,
YLR297W,3,1.0,23.0
YLR350W,27,46.0,326.0
YLR389C,2,,3.0
YLR439W,26,,11.0
YML018C,1,1.0,21.0
YML028W,26,20.0,105.0
YML035C,3,7.0,26.0
YML038C,14,11.0,35.0
YML082W,1,,10.0
YML110C,7,17.0,145.0
YMR024W,3,,
YMR060C,9,16.0,66.0
YMR087W,1,3.0,2.0
YMR111C,8,1.0,42.0
YMR121C,3,6.0,45.0
YMR233W,1,,4.0
YNL029C,1,1.0,13.0
YNL040W,1,1.0,46.0
YNL042W,1,,7.0
YNL111C,4,8.0,39.0
YNL149C,2,71.0,155.0
YNL181W,4,358.0,713.0
YNL204C,2,3.0,27.0
YNL217W,9,8.0,23.0
YNL219C,5,24.0,224.0
YNL277W,1,,18.0
YNL316C,1,9.0,38.0
YNR027W,2,,10.0
YNR030W,3,6.0,42.0
YNR064C,1,2.0,13.0
YNR067C,1,1.0,16.0
YNR075W,3,1.0,6.0
YOL089C,1,6.0,51.0
YOL143C,1,,
YOR028C,1,7.0,44.0
YOR192C-A,4,,
YOR223W,5,,
YOR258W,1,,
YOR283W,1,,8.0
YOR288C,2,,4.0
YOR377W,1,1.0,1.0
YPL034W,1,2.0,42.0
YPL053C,4,2.0,35.0
YPL100W,4,17.0,53.0
YPL108W,3,,8.0
YPL173W,8,10.0,55.0
YPL280W,1,24.0,124.0
YPR085C,2,150.0,257.0
YPR113W,12,2.0,5.0
YPR153W,2,1.0,27.0
YPR158W,1,,6.0
YPR159C-A,8,6.0,103.0
PRED28,2,,
YLR437C,2,,6.0
YGR133W,2,7.0,73.0
AT3G52590,1,,
ETG24413,4,,
YOL104C,10,3.0,9.0
YPL200W,3,,
YER159C,3,72.0,230.0
YBL030C,37,21.0,17.0
ETG10565,1,,
ETG10564,1,,
YGL031C,17,5.0,65.0
YJR034W,3,2.0,58.0
YDR188W,48,78.0,194.0
YNL242W,22,15.0,125.0
RP11-269C23.2,2,,
YAR009C,2,,
YAR015W,1,2.0,9.0
YDL229W,461,2.0,46.0
YOL039W,6,3.0,29.0
YBR026C,1,7.0,78.0
YJL008C,3,82.0,251.0
YGR192C,7,5.0,49.0
YMR176W,9,6.0,29.0
YLR189C,5,5.0,4.0
YDR258C,19,,18.0
YDR338C,1,,10.0
YLR380W,1,1.0,7.0
YDR450W,535,19.0,68.0
YEL025C,2,1.0,13.0
YEL071W,4,,16.0
YGL202W,2,3.0,12.0
YER132C,2,,12.0
YGL064C,28,4.0,23.0
YDR505C,1,3.0,13.0
YHR168W,1,13.0,44.0
YFL052W,1,17.0,44.0
YJR137C,2,10.0,46.0
YGL076C,7,,
YLL029W,1,3.0,56.0
YIR002C,63,7.0,72.0
YPL137C,5,2.0,14.0
YLR195C,1,13.0,115.0
YLR209C,3,37.0,56.0
YPR031W,5,19.0,70.0
YPR163C,3,3.0,4.0
YHL009C,1,,14.0
YHR080C,33,,2.0
YMR066W,3,1.0,3.0
YHR174W,4,10.0,58.0
YHR203C,1,5.0,30.0
YIL041W,2,3.0,61.0
YIR039C,1,4.0,43.0
YML026C,1,3.0,24.0
YJR105W,1,12.0,62.0
YKL033W,1,370.0,252.0
YKL060C,4,4.0,14.0
YPL104W,3,4.0,20.0
YMR165C,4,33.0,105.0
YKR056W,1,9.0,61.0
YKR088C,1,4.0,49.0
YLL035W,5,28.0,101.0
YML004C,1,3.0,17.0
YML048W,4,19.0,110.0
YML070W,2,6.0,32.0
YML096W,1,,18.0
YPL165C,1,,28.0
YMR179W,214,52.0,122.0
YMR242C,5,30.0,21.0
YMR285C,1,3.0,55.0
YOL023W,1,62.0,151.0
YOL056W,1,16.0,21.0
YOL080C,1,4.0,33.0
YOL151W,2,1.0,14.0
YOR355W,1,7.0,41.0
YPL064C,1,4.0,12.0
YPL198W,6,1.0,15.0
YPR026W,1,2.0,10.0
YPR089W,1,1.0,22.0
YJR064W,1,7.0,112.0
AT4G16360,1,,
AT5G21170,1,,
YPR167C,1,5.0,26.0
AT3G01090,1,,
AT3G29160,1,,
YIL133C,193,3.0,39.0
YNL069C,14,3.0,38.0
YOR031W,3,15.0,101.0
YBL081W,1,2.0,25.0
YMR070W,2,20.0,106.0
YBR016W,1,,5.0
YPR042C,3,2.0,2.0
YOR197W,155,3.0,16.0
YPR022C,1,7.0,19.0
YFL010C,1,2.0,34.0
YGL215W,8,4.0,79.0
YKR016W,240,4.0,82.0
YDR194C,1,6.0,26.0
ETG1111,1,,
YHL023C,7,10.0,96.0
YJL167W,5,1.0,16.0
YIL146C,6,7.0,32.0
AT1G27310,1,,
AT1G27970,1,,
YNL119W,6,2.0,59.0
YGL211W,4,7.0,129.0
YOL122C,1,4.0,11.0
YGR055W,4,5.0,53.0
YNL014W,2,,9.0
RP11-27I1.5,4,,
YJR134C,5,9.0,25.0
YGR241C,21,,9.0
YDR459C,1,1.0,11.0
YDR481C,3,2.0,10.0
YLR073C,2,1.0,4.0
YOL071W,1,3.0,22.0
ETG1452,2,,
YCR094W,2,93.0,289.0
YJR025C,2,4.0,22.0
YDL224C,1,7.0,12.0
ETG10923,1,,
YBR295W,2,2.0,18.0
YOR165W,3,12.0,50.0
ETG6252,1,,
YJL088W,1,,
YPL005W,2,4.0,28.0
YKR028W,1,22.0,52.0
YBL080C,2,14.0,36.0
ETG3622,3,,
YCL057W,2,,
YPL052W,1,,3.0
b2592,27,,
YKL086W,3,2.0,32.0
YJR048W,4,9.0,56.0
YNL036W,1,4.0,60.0
RP5-875J14.1,2,,
Q0045,16,,
YPL172C,1,23.0,167.0
YMR212C,1,,
YNL054W,1,77.0,269.0
YER051W,2,,2.0
YHR199C-A,3,5.0,43.0
ETG4292,5,,
YDR014W,4,12.0,101.0
ETG396422,1,,
YDL123W,4,,9.0
YOL086C,2,1.0,7.0
YLR303W,1,1.0,32.0
YLR259C,4,17.0,207.0
YKR065C,3,15.0,63.0
YJL198W,5,7.0,21.0
HSPC075,2,,
YLR133W,2,8.0,52.0
YBR172C,17,,10.0
YBL018C,3,19.0,3.0
YGL119W,28,18.0,65.0
YOR084W,1,1.0,19.0
YDR329C,3,4.0,45.0
YLR323C,3,42.0,284.0
YMR115W,3,7.0,66.0
YDL010W,1,,10.0
YBR014C,1,2.0,13.0
ETG131118,1,,
YHR065C,4,,1.0
YCR089W,1,1.0,12.0
YPL017C,4,2.0,81.0
YNL024C-A,1,,
YDR367W,7,1.0,4.0
YDL191W,5,,
YDL136W,1,2.0,23.0
YDL217C,2,53.0,228.0
YGR171C,1,3.0,1.0
YNL279W,1,,7.0
YLR167W,3,,
CGI-136,1,,
ETG6396,1,,
YHR036W,5,153.0,390.0
AT5G44740,1,,
ETG375,1,,
YKR095W-A,3,,
YBL059C-A,1,16.0,84.0
YKL137W,1,3.0,53.0
YDL081C,3,,
YDL130W,4,9.0,81.0
YDR382W,5,4.0,55.0
YBR015C,5,7.0,122.0
YOR287C,20,,
YKL065C,7,,22.0
YGL055W,3,13.0,128.0
YKR006C,3,2.0,28.0
YBR185C,42,,12.0
AT1G78870,1,,
AT1G16890,1,,
ETG7486,1,,
YBL009W,9,32.0,111.0
YKR021W,10,,
YER167W,11,4.0,101.0
YML111W,77,3.0,30.0
YGR109C,6,3.0,18.0
YKL001C,2,4.0,37.0
YJR144W,8,43.0,156.0
YDL079C,10,8.0,26.0
YBR093C,5,5.0,22.0
YIL042C,2,1.0,22.0
YKL198C,12,4.0,60.0
YBR028C,10,2.0,29.0
YPL109C,4,7.0,78.0
YPR115W,9,1.0,17.0
YER065C,4,8.0,32.0
YJR117W,1,9.0,140.0
YLL023C,22,8.0,53.0
ETG84313,2,,
ETG11267,4,,
CGI-145,1,,
YOL083W,4,5.0,25.0
YDR412W,105,13.0,44.0
YDR226W,1,,15.0
YPL060W,4,1.0,67.0
YNL241C,1,20.0,183.0
YDR012W,2,17.0,106.0
YHR117W,12,4.0,13.0
YML061C,6,4.0,54.0
YKL207W,9,5.0,52.0
YLR154W-C,1,,
YDR456W,1,3.0,157.0
SPAC22H10.07,1,,
YNR048W,5,5.0,12.0
YLR193C,2,63.0,198.0
YLR168C,1,15.0,62.0
YKL053C-A,4,22.0,57.0
YKL084W,1,3.0,62.0
YBR296C,2,1.0,25.0
YOR391C,1,,21.0
YML005W,1,6.0,50.0
YDR383C,1,2.0,24.0
YAL028W,8,,6.0
YOR145C,6,,42.0
YMR100W,2,34.0,119.0
YKL184W,2,50.0,60.0
YNL026W,380,,
YBL031W,4,9.0,64.0
YNL070W,10,3.0,37.0
YDL135C,2,1.0,57.0
YKL016C,9,53.0,146.0
YDR253C,1,1.0,15.0
YPL265W,3,2.0,19.0
YJR145C,4,4.0,18.0
YPL145C,9,6.0,97.0
YER042W,2,3.0,83.0
ETG1459,3,,
YDR294C,1,15.0,73.0
YGL083W,6,3.0,3.0
YLR301W,3,1.0,77.0
YER175C,1,8.0,26.0
YKL091C,1,7.0,10.0
YBL011W,2,12.0,49.0
YCL047C,1,7.0,31.0
YDR257C,1,2.0,28.0
YBR096W,1,5.0,42.0
YJR138W,7,23.0,166.0
YOL138C,35,6.0,34.0
YBL104C,8,9.0,39.0
YOR239W,2,,
YBR283C,1,4.0,87.0
YOR060C,3,,
YCL056C,5,,3.0
SPBC1734.14c,4,,
YBR120C,3,2.0,59.0
Q0080,4,,
ETG112869,2,,
YNL305C,13,1.0,7.0
ETG6314,4,,
YLR414C,1,2.0,11.0
F25D7.1,2,,
CELE_R151.6,2,,
YBL054W,1,,3.0
YAR010C,1,,
YGR076C,3,3.0,39.0
YBR282W,3,67.0,204.0
YJR123W,6,,
YOL040C,661,10.0,124.0
YOL026C,4,,
YBR186W,9,,16.0
YOR176W,10,,
LSR1,1,,
YDR458C,11,2.0,8.0
ETG7157,2,,
YER083C,2,113.0,426.0
YPL234C,8,25.0,174.0
YMR287C,2,13.0,26.0
YCL057C-A,33,18.0,55.0
YFR011C,7,5.0,52.0
YNL100W,6,15.0,96.0
YGR235C,10,,4.0
YBR262C,12,39.0,121.0
ETG83506,1,,
ETG24666,1,,
YML054C,6,3.0,33.0
YGR049W,2,,10.0
YBR230C,26,3.0,21.0
ETG6613,1,,
YHR008C,1,,45.0
YNL231C,1,3.0,12.0
NME1,2,,
ETG100009298,1,,
ETG5515,1,,
RP11-131A5.1,3,,
YDR538W,1,6.0,20.0
YPL015C,3,,5.0
YNL199C,1,35.0,162.0
ETG983,4,,
YKR063C,64,7.0,150.0
YGL219C,23,49.0,172.0
YDR178W,5,7.0,34.0
YKL141W,5,14.0,17.0
YIL064W,2,12.0,34.0
YAL039C,1,9.0,65.0
YDL170W,1,6.0,18.0
YPL010W,4,4.0,76.0
YKL194C,1,,
YDR079W,2,2.0,44.0
YER058W,3,7.0,111.0
YGL209W,7,5.0,58.0
YNR018W,15,1.0,25.0
YGL191W,9,,28.0
YOL086W-A,5,,8.0
DDB_G0272825,4,,
YHR207C,2,8.0,15.0
YML030W,21,15.0,157.0
CELE_M05D6.5,9,,
YML021C,1,4.0,22.0
ETG55364,5,,
YFR053C,2,1.0,34.0
YOR336W,1,49.0,102.0
YAL058W,2,2.0,98.0
YGR143W,3,1.0,26.0
DADB-115L1.4,1,,
ETG51667,1,,
YIL136W,5,1.0,11.0
YKR017C,3,,
YHR162W,9,,17.0
YGL080W,6,3.0,38.0
YNL196C,1,3.0,41.0
YHR087W,10,3.0,45.0
ETG7428,2,,
YHR192W,6,7.0,38.0
BOS_7381,4,,
ETG6622,45,,
LA16c-358B7.1,2,,
AD-005,1,,
ETG4850,1,,
ETG7322,2,,
AT1G79650,1,,
AT2G17200,1,,
ETG29979,4,,
YFL042C,3,1.0,15.0
YLR422W,3,126.0,65.0
YDR312W,3,4.0,31.0
YKL163W,1,4.0,11.0
YER004W,1,5.0,39.0
YPR091C,1,5.0,26.0
YBR068C,5,5.0,28.0
YBR177C,2,2.0,6.0
YBR196C,10,4.0,46.0
YBR208C,1,2.0,7.0
YBR219C,1,,
YBR222C,1,,9.0
YBR290W,3,11.0,61.0
YCR011C,2,6.0,6.0
YCR024C-A,6,6.0,5.0
YCR044C,5,9.0,51.0
YCR075C,2,7.0,69.0
YDL091C,10,5.0,48.0
YDL128W,2,,
YDL206W,2,,20.0
YDL211C,1,5.0,36.0
YDL222C,1,1.0,30.0
YDL223C,3,1.0,11.0
YDR011W,5,2.0,32.0
YDR055W,3,4.0,24.0
YDR208W,5,33.0,168.0
YDR232W,1,10.0,153.0
YDR331W,8,67.0,276.0
YDR342C,5,7.0,6.0
YDR352W,4,3.0,43.0
YDR371W,1,5.0,47.0
YDR380W,3,2.0,14.0
YDR406W,5,2.0,9.0
YDR508C,14,7.0,82.0
YDR525W-A,1,3.0,12.0
YEL017C-A,2,1.0,11.0
YEL052W,1,1.0,30.0
YEL059C-A,1,77.0,143.0
YEL077C,3,,17.0
YER014W,1,,
YER053C,6,2.0,25.0
YER158C,2,2.0,13.0
YFL004W,7,2.0,13.0
YFR006W,2,6.0,71.0
YGL006W,3,,10.0
YGL012W,7,29.0,186.0
YGL027C,12,8.0,100.0
YGL085W,1,,3.0
YGL126W,3,11.0,78.0
YGR012W,7,8.0,73.0
YGR016W,2,7.0,97.0
YGR106C,6,2.0,7.0
YGR147C,2,4.0,8.0
YGR227W,2,9.0,58.0
YGR257C,2,2.0,18.0
YGR289C,1,1.0,64.0
YHL026C,1,1.0,7.0
YHL035C,1,,
YHR001W-A,12,10.0,20.0
YHR037W,1,3.0,37.0
YHR063C,7,3.0,22.0
YHR094C,4,6.0,39.0
YHR101C,2,20.0,152.0
YIL014W,4,,37.0
YIL077C,1,1.0,17.0
YIL145C,2,20.0,55.0
YIL154C,5,,
YIR024C,11,,27.0
YJL166W,2,63.0,210.0
YJL196C,4,8.0,22.0
YJL200C,1,,
YJL212C,7,5.0,8.0
YJR016C,1,14.0,90.0
YJR095W,3,3.0,12.0
YJR126C,1,,16.0
YKL046C,2,3.0,9.0
YKL064W,2,2.0,38.0
YKL077W,138,4.0,14.0
YKL087C,1,2.0,11.0
YKL120W,3,5.0,31.0
YKL134C,3,7.0,42.0
YKL182W,2,2.0,12.0
YKR018C,1,5.0,92.0
YKR019C,1,5.0,67.0
YKR105C,7,7.0,61.0
YLL012W,10,,15.0
YLL015W,2,1.0,14.0
YLL031C,1,134.0,356.0
YLL048C,3,,7.0
YLL058W,2,,15.0
YLR001C,2,,5.0
YLR004C,4,1.0,12.0
YLR064W,15,63.0,71.0
YLR066W,4,13.0,59.0
YLR084C,5,3.0,19.0
YLR104W,1,6.0,10.0
YLR110C,2,1.0,55.0
YLR134W,2,1.0,7.0
YLR142W,1,23.0,44.0
YLR241W,4,,5.0
YLR343W,5,6.0,22.0
YLR348C,2,7.0,65.0
YLR355C,2,8.0,60.0
YLR390W-A,1,6.0,33.0
YLR395C,12,10.0,17.0
YLR404W,8,6.0,50.0
YLR413W,5,2.0,10.0
YML002W,8,,9.0
YML022W,1,6.0,29.0
YML078W,1,,11.0
YML086C,1,22.0,59.0
YML104C,6,5.0,49.0
YML120C,5,1.0,8.0
YMR083W,1,12.0,33.0
YMR122W-A,2,3.0,29.0
YMR207C,6,20.0,84.0
YMR208W,2,5.0,64.0
YMR238W,6,6.0,59.0
YMR241W,1,9.0,23.0
YMR306W,2,1.0,9.0
YMR313C,1,8.0,7.0
YNL008C,7,4.0,44.0
YNL125C,3,3.0,33.0
YNL156C,1,3.0,22.0
YNL190W,1,2.0,58.0
YNL257C,4,1.0,47.0
YNL268W,4,,
YNL280C,1,72.0,251.0
YNL322C,1,54.0,170.0
YNR013C,7,54.0,89.0
YNR063W,1,2.0,15.0
YNR070W,5,3.0,15.0
YNR074C,2,5.0,22.0
YOL047C,2,2.0,30.0
YOL060C,6,1.0,25.0
YOL075C,6,,11.0
YOR021C,2,5.0,25.0
YOR045W,8,37.0,64.0
YOR147W,8,131.0,345.0
YOR163W,1,8.0,24.0
YOR241W,1,30.0,114.0
YOR245C,1,2.0,15.0
YOR246C,1,3.0,79.0
YOR256C,2,,15.0
YOR266W,1,1.0,41.0
YOR273C,1,1.0,20.0
YOR311C,5,36.0,208.0
YOR328W,3,4.0,38.0
YPL058C,4,2.0,22.0
YPL246C,2,,33.0
YPL271W,6,,
YPR097W,1,1.0,18.0
YPR128C,5,9.0,63.0
YPR138C,2,,
YPR139C,4,,1.0
YPR155C,5,2.0,10.0
YPR156C,5,,10.0
YPR183W,3,52.0,268.0
YPR198W,2,,22.0
ETG8454,3,,
YMR171C,1,2.0,9.0
YDL130W-A,7,1.0,38.0
YDR184C,2,3.0,42.0
YDR229W,3,,15.0
YDR332W,7,2.0,18.0
YDR464W,2,67.0,205.0
YER045C,10,1.0,13.0
YFL046W,10,,9.0
YGL029W,25,5.0,2.0
YGL079W,10,1.0,36.0
YGL143C,1,12.0,66.0
YGR059W,4,3.0,51.0
YGR145W,4,5.0,32.0
YHL009W-A,10,,
YHR011W,26,2.0,26.0
YHR078W,1,1.0,23.0
YHR110W,8,2.0,14.0
YHR159W,1,,28.0
YIL002W-A,4,3.0,41.0
YIL119C,1,2.0,20.0
YJL049W,34,2.0,38.0
YJR147W,25,5.0,54.0
YKL072W,4,3.0,10.0
YKL105C,2,17.0,91.0
YKL133C,2,1.0,7.0
YLR211C,6,,3.0
YLR454W,6,1.0,10.0
YMR053C,58,1.0,9.0
YOR337W,9,1.0,35.0
YOR344C,111,10.0,27.0
YPL216W,19,1.0,6.0
YPR117W,21,18.0,104.0
YPR199C,30,2.0,11.0
HIV1gp6,2,,
ETG10482,2,,
YOL073C,3,4.0,48.0
YCR010C,2,2.0,55.0
YDR384C,1,2.0,4.0
YOR030W,2,29.0,158.0
YMR063W,1,18.0,102.0
YIL114C,1,,
ETG6737,1,,
DAAP-218M18.2,1,,
YDL233W,2,7.0,49.0
YFL058W,1,4.0,16.0
YLR251W,4,,10.0
YBR038W,8,18.0,136.0
YBR138C,1,,12.0
YNL169C,1,89.0,388.0
ETG56438,1,,
YDL160C-A,9,,12.0
YLR243W,4,45.0,129.0
YOR154W,2,1.0,23.0
YER140W,1,,
YDR333C,61,,24.0
YLR445W,6,5.0,13.0
YNL301C,2,8.0,74.0
YNR009W,2,1.0,9.0
RP1-37E16.3,1,,
OK/SW-cl.85,1,,
YLR285W,7,3.0,5.0
NCU03539,2,,
RP11-8N6.1,1,,
ETG3842,1,,
YDR151C,2,1.0,19.0
YLR136C,3,1.0,33.0
ETG15507,1,,
ETG3315,1,,
ETG23130,1,,
YLR397C,5,13.0,142.0
ETG5058,1,,
ETG6242,1,,
YHL015W,594,3.0,45.0
YPL158C,7,113.0,189.0
ETG67177,1,,
YGR023W,1,1.0,9.0
ETG92345,1,,
ETG93973,4,,
ETG1967,2,,
ETG3552,7,,
YBR046C,1,5.0,9.0
YDR493W,2,22.0,32.0
YNL108C,1,1.0,27.0
RP11-554C12.1,3,,
ETG1869,2,,
C5_02650C_A,1,,
YHL013C,1,6.0,37.0
YIL031W,225,,
YIL083C,2,,45.0
YOL093W,6,4.0,17.0
ETG54778,2,,
ETG5530,1,,
YMR290C,165,2.0,60.0
YMR256C,4,6.0,77.0
YBL015W,1,8.0,87.0
ETG23327,1,,
YNL002C,299,7.0,64.0
SPAC57A7.08,1,,
YKL188C,6,5.0,27.0
YDR104C,1,,25.0
YKL180W,7,17.0,71.0
YBR031W,8,3.0,33.0
YCL051W,5,2.0,20.0
ETG51720,2,,
RP11-529H20.5,2,,
YOR016C,6,22.0,56.0
YGL002W,7,,15.0
YGL146C,2,2.0,24.0
YLR063W,1,1.0,6.0
ETG3064,2,,
ETG3921,1,,
RP5-832C2.2,1,,
DADB-127H9.2,1,,
YPL202C,3,1.0,21.0
ETG7415,1,,
YOR099W,1,2.0,20.0
YBR199W,3,,15.0
YDR291W,77,1193.0,1132.0
YKR077W,3,1.0,32.0
YOR104W,7,13.0,39.0
ETG1759,1,,
ETG51343,2,,
ETG24680,1,,
ETG9097,1,,
YHR035W,2,6.0,31.0
YDL104C,1,3.0,19.0
YJR129C,3,,13.0
YBR271W,1,,
YOR339C,1,3.0,19.0
YLR224W,4,24.0,69.0
YKL149C,1,17.0,73.0
YGR093W,3,17.0,18.0
YMR194W,2,7.0,66.0
YIL052C,2,2.0,40.0
YOR042W,8,7.0,16.0
ETG54472,1,,
ETG7334,2,,
ETG7324,2,,
PIG53,2,,
ETG5564,2,,
ETG5571,3,,
YHR051W,10,79.0,275.0
SB153,2,,
Q0120,1,,
b4034,1,,
YMR247C,78,3.0,15.0
ETG6905,2,,
SPAC20H4.10,2,,
DADB-70P7.10-021,1,,
ETG672,1,,
YAL038W,20,2.0,67.0
BOS_2150,2,,
ETG7321,1,,
ETG22213,1,,
ETG10987,1,,
ETG26754,1,,
snR30,1,,
YKR087C,1,,
YJL126W,1,17.0,12.0
CTD-2522E6.1,3,,
ETG55236,1,,
ETG496247,1,,
ETG380351,1,,
ETG9099,1,,
RP11-730A19.1,1,,
ETG7316,496,,
ETG54700,2,,
ETG7314,1,,
YOR126C,1,9.0,26.0
YLL007C,1,4.0,66.0
PF10_0311,1,,
YPL127C,4,3.0,39.0
YKL100C,2,,16.0
ETG64083,7,,
RP11-54A4.7,7,,
HSPC028,3,,
YCL026C-A,1,8.0,38.0
YNL163C,1,80.0,258.0
ETG3308,1,,
YER141W,5,1.0,37.0
YLR137W,2,1.0,8.0
ETG6337,1,,
YOR004W,7,4.0,27.0
YOR274W,5,6.0,52.0
ETG380481,2,,
Q0105,8,,
YDR529C,7,2.0,69.0
RP24-189I2.1,1,,
YOR293W,617,20.0,38.0
ETG571871,3,,
ETG3837,2,,
RP11-186N15.4,1,,
ETG6449,1,,
YDR064W,547,2.0,53.0
RP11-85G18.2,1,,
YOL063C,8,,22.0
YFR005C,2,33.0,182.0
ETG25636,1,,
YER109C,2,2.0,1.0
YCL058C,1,,
YGR255C,14,12.0,72.0
YLR290C,3,3.0,48.0
YPR172W,1,7.0,44.0
YBR035C,1,62.0,91.0
ETG22919,1,,
YKR070W,1,1.0,19.0
ETG4171,6,,
SPBC4.04c,6,,
ETG18747,1,,
SPAP27G11.03,1,,
YLL008W,11,10.0,106.0
YAL025C,6,14.0,105.0
YER002W,4,14.0,57.0
YBR121C,1,18.0,58.0
YMR244C-A,3,1.0,17.0
ETG5569,2,,
SPBC29A3.16,2,,
ETG57602,1,,
YER019W,3,27.0,82.0
YJL082W,1,1.0,29.0
YKL094W,1,,21.0
YOR011W,1,4.0,6.0
YDL022W,1,4.0,32.0
YGR243W,2,2.0,37.0
YML058W-A,3,,10.0
ETG4998,1,,
YDR379C-A,3,6.0,32.0
YDR511W,2,1.0,13.0
RP11-396C23.1,1,,
YKR076W,1,43.0,202.0
YLR095C,2,6.0,36.0
ETG5241,1,,
YLR250W,2,3.0,42.0
YPL252C,4,,
YBR255C-A,7,8.0,27.0
YDR223W,1,,9.0
YFL062W,1,,
YJR161C,1,8.0,57.0
YGR295C,1,1.0,45.0
ETG55898,1,,
YMR185W,7,,
YLL018C-A,1,,31.0
YIL040W,2,78.0,244.0
YLR271W,1,,12.0
YCR075W-A,4,7.0,51.0
YGL251C,14,,
YEL007W,1,22.0,94.0
YCL005W,1,25.0,124.0
YNR034W-A,7,2.0,7.0
YDR420W,2,2.0,31.0
YDR119W-A,8,,
YGR197C,1,26.0,145.0
YPL014W,1,3.0,11.0
YOR349W,3,6.0,127.0
YGR042W,3,,
AT1G03060,1,,
ETG8439,1,,
YNL291C,31,1.0,50.0
YGR168C,1,,27.0
RP4-697E16.3,4,,
YFR038W,1,2.0,18.0
CTA-216E10.8,1,,
YDR089W,3,4.0,40.0
YJL012C,2,2.0,22.0
YKR023W,3,2.0,23.0
ETG6647,1,,
YMR018W,3,4.0,67.0
YLR164W,1,3.0,25.0
YKR091W,3,,
YAR050W,1,,4.0
YBR269C,1,1.0,12.0
YBR227C,1,,34.0
ETG398099,1,,
ETG151194,2,,
C2_02250C_A,2,,
C1_00930C_A,1,,
YPR030W,3,6.0,51.0
ETG12747,1,,
RP3-357D13.2,1,,
ETG9212,1,,
YDR126W,1,17.0,138.0
ETG16210,1,,
YKL176C,3,7.0,69.0
YMR002W,2,3.0,20.0
YDR273W,1,,
ETG3674,1,,
ETG3690,1,,
YHR028C,2,7.0,46.0
YIL121W,1,1.0,25.0
YNL138W-A,4,3.0,30.0
C4_05760W_A,1,,
RP11-40A7.1,1,,
YNL074C,2,,7.0
YOR077W,2,3.0,57.0
RP1-199J3.1,1,,
YOR295W,5,32.0,70.0
YHR142W,1,18.0,113.0
YIL001W,3,,4.0
YGL107C,7,48.0,155.0
YHR139C,3,,4.0
YGL263W,1,1.0,8.0
YPR145W,2,,17.0
YNL146W,2,3.0,41.0
YDR197W,7,13.0,120.0
YBL102W,1,11.0,103.0
YFL051C,1,,7.0
YHR056C,2,,
YIL088C,1,4.0,26.0
YOL155C,2,,24.0
YJR152W,1,2.0,24.0
YOR307C,1,3.0,33.0
YDR319C,1,1.0,20.0
YKR085C,1,37.0,38.0
YIL110W,1,,
YGR287C,1,,5.0
YJR088C,2,9.0,66.0
YGR021W,1,4.0,45.0
YDR281C,1,,17.0
YGL148W,1,16.0,121.0
YPR149W,1,5.0,19.0
YDL037C,2,8.0,23.0
YCR007C,1,7.0,21.0
YBR213W,1,5.0,22.0
YDR134C,1,5.0,21.0
YLR118C,2,,18.0
YGR215W,1,16.0,58.0
YIL165C,1,1.0,15.0
YLR034C,1,,
YKL216W,1,1.0,25.0
YER119C,1,3.0,26.0
YGL147C,2,16.0,61.0
YHR045W,1,6.0,85.0
YMR184W,1,9.0,32.0
YCR106W,1,2.0,3.0
YOR251C,1,,15.0
YER183C,2,,3.0
YOL055C,1,8.0,35.0
YPL188W,2,,
YMR278W,1,1.0,27.0
YBR129C,1,,28.0
YGR276C,1,3.0,45.0
YHR003C,1,5.0,36.0
YML108W,1,10.0,76.0
YGL176C,1,1.0,9.0
YPR192W,1,,2.0
YCR026C,1,3.0,25.0
YBL076C,12,3.0,52.0
Q0275,7,,
YDR237W,3,,
snR14,1,,
YGRCTy1-2,14,,
YOR063W,10,35.0,126.0
YPR109W,4,9.0,92.0
YIR014W,4,,16.0
YJL156C,1,,
YJL105W,32,5.0,35.0
YOR228C,1,3.0,75.0
ETG5894,1,,
YGL101W,1,,8.0
YGL023C,5,9.0,96.0
YBR296C-A,1,2.0,11.0
YGR271W,4,3.0,54.0
YBR106W,129,5.0,20.0
YJL003W,10,6.0,65.0
RP1-302G2.1,1,,
ETG8089,1,,
YER104W,9,,5.0
YGL249W,18,9.0,23.0
YHR153C,17,,15.0
YGL084C,2,61.0,253.0
CR_06050W_A,1,,
C2_08790W_A,1,,
YNR020C,149,1.0,77.0
YPL099C,2,8.0,77.0
YLR363C,11,1.0,13.0
YKR051W,1,1.0,23.0
BOS_3356,1,,
YJL171C,2,5.0,13.0
YJR051W,1,2.0,57.0
ETG3725,1,,
YIR004W,2,3.0,34.0
YFR033C,1,,47.0
YPL262W,1,55.0,98.0
YOR354C,8,6.0,60.0
YJL172W,1,3.0,3.0
YHR040W,6,40.0,108.0
ETG7454,3,,
YJL131C,21,39.0,96.0
YIL048W,1,16.0,155.0
YBL010C,1,8.0,33.0
ETG1019,1,,
YLR038C,2,9.0,142.0
YFL061W,1,2.0,45.0
ETG5610,2,,
RP1-50O24.5,2,,
YOR262W,3,24.0,119.0
YAL008W,2,1.0,5.0
YIL087C,1,3.0,13.0
ETG388962,1,,
YER156C,69,7.0,70.0
ETG55689,1,,
ETG4300,1,,
YPR043W,3,1.0,23.0
YDL075W,544,,
YLR061W,2,7.0,35.0
YLR344W,591,10.0,24.0
YBR191W,2,,30.0
YBL092W,2,,
YBR084C-A,4,10.0,61.0
YKL006W,1,,
YPL143W,3,17.0,47.0
YDL082W,1,1.0,54.0
YOR006C,2,18.0,55.0
YGL103W,1,52.0,165.0
YLR185W,1,,28.0
ETG5578,1,,
YOL022C,1,2.0,51.0
SPBC26H8.06,1,,
YPL006W,1,36.0,148.0
YNL295W,3,2.0,18.0
YPR151C,1,1.0,22.0
b2820,1,,
ETG7074,2,,
ETG9578,2,,
ETG7536,1,,
RP4-635E18.2,1,,
C3_02970C_A,1,,
YIL027C,7,10.0,78.0
YMR217W,3,,
YKL085W,33,2.0,19.0
YLR068W,1,4.0,37.0
ETG55164,1,,
YNL275W,1,,15.0
YHL038C,3,9.0,44.0
YHR059W,6,,16.0
YKL003C,5,,
YPL118W,13,,8.0
YMR286W,8,,
YKL170W,8,18.0,32.0
YNL213C,6,25.0,119.0
YGL129C,9,,
YDR494W,2,9.0,146.0
YNR040W,3,1.0,13.0
YKL156W,609,5.0,35.0
YML024W,530,1.0,32.0
YDR471W,1,24.0,55.0
YIL102C-A,2,,
YOR152C,6,,12.0
YMR142C,2,,
YLR346C,2,2.0,39.0
YHR010W,1,,
YLR448W,1,5.0,59.0
YER074W,2,3.0,11.0
YLR029C,1,33.0,153.0
ETG27030,2,,
HIV1gp2,2,,
SPBC36B7.05c,2,,
ETG223082,1,,
ETG8078,1,,
YLR441C,572,7.0,43.0
YBL072C,569,9.0,17.0
YOR369C,649,,
YOL121C,578,36.0,100.0
YJL190C,568,5.0,28.0
YDR003W,1,1.0,11.0
YGL038C,6,,
YKL201C,7,3.0,19.0
YNL077W,566,1.0,18.0
ETG56254,1,,
ETG79829,1,,
YER032W,1,4.0,47.0
YCR069W,2,,
YPL098C,2,2.0,76.0
YOR087W,1,26.0,61.0
ETG2147,1,,
YDL061C,1,3.0,15.0
YKL121W,2,5.0,62.0
ETG84444,1,,
Dmel_CG1028,119,,
YDR414C,3,12.0,186.0
ETG55014,2,,
YMR302C,1,10.0,52.0
YDR040C,1,13.0,32.0
RP11-498N2.1,1,,
YLR053C,6,3.0,5.0
ETG100337618,1,,
YDL176W,7,1.0,13.0
ETG440275,2,,
YJL201W,1,,27.0
YDR421W,1,3.0,22.0
YFL021W,1,1.0,27.0
YDL138W,1,17.0,138.0
YJL079C,1,11.0,37.0
YDL069C,3,15.0,89.0
YLR087C,1,52.0,226.0
YCL035C,1,2.0,12.0
YLR035C-A,256,,
