ORF.secondaryIdentifier	ORF.length
YPR204W	3099
YPR204C-A	483
YPR203W	309
YPR202W	865
YPR201W	1215
YPR200C	393
YPR199C	885
YPR198W	1632
YPR197C	564
YPR196W	1413
YPR195C	330
YPR194C	2634
YPR193C	471
YPR192W	918
YPR191W	1107
YPR190C	1965
YPR189W	4299
YPR188C	492
YPR187W	544
YPR186C	1290
YPR185W	2217
YPR184W	4611
YPR183W	804
YPR182W	261
YPR181C	2307
YPR180W	1044
YPR179C	1968
YPR178W	1398
YPR177C	372
YPR176C	978
YPR175W	2070
YPR174C	666
YPR173C	1314
YPR172W	603
YPR171W	1731
YPR170W-B	357
YPR170W-A	186
YPR170C	336
YPR169W-A	219
YPR169W	1479
YPR168W	474
YPR167C	786
YPR166C	348
YPR165W	630
YPR164W	4224
YPR163C	1311
YPR162C	1590
YPR161C	1974
YPR160W-A	81
YPR160W	2709
YPR160C-A	285
YPR159W	2163
YPR159C-A	102
YPR158W	759
YPR157W	1404
YPR156C	1869
YPR155C	1851
YPR154W	648
YPR153W	557
YPR152C	1398
YPR151C	621
YPR150W	522
YPR149W	522
YPR148C	1308
YPR147C	915
YPR146C	330
YPR145W	1719
YPR145C-A	237
YPR144C	1659
YPR143W	753
YPR142C	564
YPR141C	2190
YPR140W	1146
YPR139C	903
YPR138C	1470
YPR137W	1722
YPR136C	513
YPR135W	2784
YPR134W	807
YPR133W-A	153
YPR133C	1233
YPR132W	803
YPR131C	588
YPR130C	408
YPR129W	1050
YPR128C	987
YPR127W	1038
YPR126C	309
YPR125W	1365
YPR124W	1221
YPR123C	435
YPR122W	3627
YPR121W	1719
YPR120C	1308
YPR119W	1476
YPR118W	1236
YPR117W	7470
YPR116W	834
YPR115W	3252
YPR114W	948
YPR113W	663
YPR112C	2664
YPR111W	1695
YPR110C	1008
YPR109W	885
YPR108W-A	213
YPR108W	1290
YPR107C	627
YPR106W	1332
YPR105C	2586
YPR104C	2811
YPR103W	864
YPR102C	525
YPR101W	528
YPR100W	423
YPR099C	357
YPR098C	582
YPR097W	3222
YPR096C	303
YPR095C	3681
YPR094W	324
YPR093C	867
YPR092W	306
YPR091C	2313
YPR090W	2211
YPR089W	2667
YPR088C	1626
YPR087W	321
YPR086W	1038
YPR085C	1332
YPR084W	1371
YPR083W	1740
YPR082C	432
YPR081C	1857
YPR080W	1377
YPR079W	1146
YPR078C	1119
YPR077C	372
YPR076W	375
YPR075C	1083
YPR074W-A	171
YPR074C	2043
YPR073C	486
YPR072W	1683
YPR071W	636
YPR070W	1701
YPR069C	882
YPR068C	1413
YPR067W	558
YPR066W	900
YPR065W	1107
YPR064W	420
YPR063C	509
YPR062W	477
YPR061C	906
YPR060C	771
YPR059C	387
YPR058W	924
YPR057W	1026
YPR056W	1017
YPR055W	3198
YPR054W	1167
YPR053C	456
YPR052C	282
YPR051W	531
YPR050C	414
YPR049C	3537
YPR048W	1872
YPR047W	1410
YPR046W	546
YPR045C	1413
YPR044C	354
YPR043W	682
YPR042C	3228
YPR041W	1218
YPR040W	1071
YPR039W	336
YPR038W	360
YPR037C	591
YPR036W-A	204
YPR036W	1437
YPR035W	1113
YPR034W	1434
YPR033C	1641
YPR032W	3102
YPR031W	2247
YPR030W	3366
YPR029C	2499
YPR028W	676
YPR027C	834
YPR026W	3636
YPR025C	1182
YPR024W	2244
YPR023C	1206
YPR022C	3402
YPR021C	2709
YPR020W	348
YPR019W	2802
YPR018W	1821
YPR017C	432
YPR016W-A	261
YPR016C	738
YPR015C	744
YPR014C	330
YPR013C	954
YPR012W	255
YPR011C	981
YPR010C-A	362
YPR010C	3612
YPR009W	807
YPR008W	2085
YPR007C	2043
YPR006C	1728
YPR005C	885
YPR004C	1035
YPR003C	2265
YPR002W	1551
YPR002C-A	198
YPR001W	1461
YPL283W-B	483
YPL283W-A	576
YPL283C	5728
YPL282C	495
YPL281C	1314
YPL280W	714
YPL279C	1128
YPL278C	303
YPL277C	1464
YPL274W	1764
YPL273W	978
YPL272C	1554
YPL271W	189
YPL270W	2322
YPL269W	1935
YPL268W	2610
YPL267W	630
YPL266W	957
YPL265W	1827
YPL264C	1062
YPL263C	1956
YPL262W	1467
YPL261C	309
YPL260W	1656
YPL259C	1428
YPL258C	1656
YPL257W	582
YPL256C	1638
YPL255W	1158
YPL254W	1467
YPL253C	1944
YPL252C	519
YPL251W	303
YPL250W-A	288
YPL250C	411
YPL249C-A	541
YPL249C	2685
YPL248C	2646
YPL247C	1572
YPL246C	789
YPL245W	1365
YPL244C	1020
YPL243W	1800
YPL242C	4488
YPL241C	887
YPL240C	2130
YPL239W	603
YPL238C	390
YPL237W	858
YPL236C	1095
YPL235W	1416
YPL234C	495
YPL233W	651
YPL232W	873
YPL231W	5664
YPL230W	1176
YPL229W	621
YPL228W	1650
YPL227C	1005
YPL226W	3591
YPL225W	441
YPL224C	1455
YPL223C	507
YPL222W	2067
YPL222C-A	246
YPL221W	2382
YPL220W	654
YPL219W	1479
YPL218W	712
YPL217C	3552
YPL216W	3309
YPL215W	1008
YPL214C	1623
YPL213W	717
YPL212C	1635
YPL211W	546
YPL210C	1923
YPL209C	1104
YPL208W	1752
YPL207W	2433
YPL206C	966
YPL205C	345
YPL204W	1485
YPL203W	1143
YPL202C	1251
YPL201C	1386
YPL200W	471
YPL199C	723
YPL198W	1551
YPL197C	414
YPL196W	822
YPL195W	2799
YPL194W	1839
YPL193W	1146
YPL192C	402
YPL191C	1083
YPL190C	2409
YPL189W	1830
YPL189C-A	207
YPL188W	1245
YPL187W	498
YPL186C	915
YPL185W	396
YPL184C	1839
YPL183W-A	282
YPL183C	3042
YPL182C	384
YPL181W	1521
YPL180W	2400
YPL179W	1650
YPL178W	627
YPL177C	921
YPL176C	2352
YPL175W	1459
YPL174C	2607
YPL173W	894
YPL172C	1389
YPL171C	1203
YPL170W	459
YPL169C	1800
YPL168W	1293
YPL167C	4515
YPL166W	642
YPL165C	1122
YPL164C	2148
YPL163C	783
YPL162C	822
YPL161C	1902
YPL160W	3273
YPL159C	762
YPL158C	2277
YPL157W	948
YPL156C	855
YPL155C	2121
YPL154C	1218
YPL153C	2466
YPL152W-A	99
YPL152W	1077
YPL151C	1356
YPL150W	2706
YPL149W	885
YPL148C	522
YPL147W	2613
YPL146C	1368
YPL145C	1305
YPL144W	447
YPL143W	849
YPL142C	318
YPL141C	2598
YPL140C	1521
YPL139C	1383
YPL138C	1062
YPL137C	3831
YPL136W	369
YPL135W	498
YPL135C-A	174
YPL134C	933
YPL133C	1341
YPL132W	903
YPL131W	894
YPL130W	672
YPL129W	840
YPL128C	1689
YPL127C	777
YPL126W	2691
YPL125W	3099
YPL124W	762
YPL123C	1305
YPL122C	1542
YPL121C	669
YPL120W	1674
YPL119C-A	264
YPL119C	1854
YPL118W	1035
YPL117C	867
YPL116W	2094
YPL115C	3387
YPL114W	420
YPL113C	1191
YPL112C	1185
YPL111W	1002
YPL110C	3672
YPL109C	2126
YPL108W	507
YPL107W	747
YPL106C	2082
YPL105C	2550
YPL104W	1977
YPL103C	1407
YPL102C	303
YPL101W	1371
YPL100W	1491
YPL099C	549
YPL098C	342
YPL097W	1479
YPL096W	1092
YPL096C-A	207
YPL095C	1371
YPL094C	825
YPL093W	1944
YPL092W	1377
YPL091W	1452
YPL090C	1105
YPL089C	2031
YPL088W	1029
YPL087W	954
YPL086C	1674
YPL085W	6588
YPL084W	2535
YPL083C	1404
YPL082C	5604
YPL081W	1095
YPL080C	327
YPL079W	904
YPL078C	735
YPL077C	723
YPL076W	843
YPL075W	3109
YPL074W	2265
YPL073C	486
YPL072W	1500
YPL071C	471
YPL070W	1839
YPL069C	1008
YPL068C	882
YPL067C	597
YPL066W	1440
YPL065W	729
YPL064C	906
YPL063W	1431
YPL062W	405
YPL061W	1503
YPL060W	1242
YPL059W	453
YPL058C	4536
YPL057C	1149
YPL056C	306
YPL055C	999
YPL054W	906
YPL053C	1341
YPL052W-A	210
YPL052W	880
YPL051W	597
YPL050C	1188
YPL049C	1359
YPL048W	1248
YPL047W	300
YPL046C	300
YPL045W	2397
YPL044C	549
YPL043W	2058
YPL042C	1668
YPL041C	624
YPL040C	3009
YPL039W	951
YPL038W-A	192
YPL038W	534
YPL037C	474
YPL036W	2844
YPL035C	348
YPL034W	498
YPL033C	846
YPL032C	2478
YPL031C	1020
YPL030W	1704
YPL029W	2214
YPL028W	1197
YPL027W	738
YPL026C	1509
YPL025C	558
YPL024W	726
YPL023C	1974
YPL022W	3303
YPL021W	564
YPL020C	1866
YPL019C	2508
YPL018W	1110
YPL017C	1500
YPL016W	3945
YPL015C	1074
YPL014W	1146
YPL013C	366
YPL012W	3687
YPL011C	1062
YPL010W	570
YPL009C	3117
YPL008W	2586
YPL007C	1767
YPL006W	3513
YPL005W	1821
YPL004C	1026
YPL003W	1389
YPL002C	702
YPL001W	1125
YOR396W	5391
YOR396C-A	483
YOR394W	495
YOR394C-A	168
YOR393W	1314
YOR392W	444
YOR391C	714
YOR390W	1128
YOR389W	1875
YOR388C	1131
YOR387C	621
YOR386W	1698
YOR385W	873
YOR384W	2085
YOR383C	615
YOR382W	462
YOR381W-A	168
YOR381W	2136
YOR380W	1641
YOR379C	339
YOR378W	1548
YOR377W	1578
YOR376W-A	156
YOR376W	369
YOR375C	1365
YOR374W	1560
YOR373W	2556
YOR372C	1665
YOR371C	2694
YOR370C	1812
YOR369C	432
YOR368W	1206
YOR367W	603
YOR366W	354
YOR365C	2112
YOR364W	369
YOR363C	2991
YOR362C	867
YOR361C	2292
YOR360C	1581
YOR359W	1572
YOR358W	729
YOR357C	489
YOR356W	1896
YOR355W	1569
YOR354C	2079
YOR353C	2376
YOR352W	1032
YOR351C	1494
YOR350C	1992
YOR349W	3045
YOR348C	1884
YOR347C	1521
YOR346W	2958
YOR345C	351
YOR344C	876
YOR343C	327
YOR342C	960
YOR341W	4995
YOR340C	981
YOR339C	471
YOR338W	1092
YOR337W	2280
YOR336W	4098
YOR335W-A	81
YOR335C	2877
YOR334W	1413
YOR333C	417
YOR332W	702
YOR331C	558
YOR330C	3765
YOR329W-A	210
YOR329C	2619
YOR328W	4695
YOR327C	348
YOR326W	4725
YOR325W	474
YOR324C	1809
YOR323C	1371
YOR322C	2457
YOR321W	2262
YOR320C	1476
YOR319W	642
YOR318C	653
YOR317W	2103
YOR316C-A	210
YOR316C	1320
YOR315W	1041
YOR314W-A	111
YOR314W	330
YOR313C	1017
YOR312C	945
YOR311C	873
YOR310C	1536
YOR309C	381
YOR308C	1764
YOR307C	1362
YOR306C	1566
YOR305W	729
YOR304W	3363
YOR304C-A	231
YOR303W	1236
YOR302W	78
YOR301W	1308
YOR300W	309
YOR299W	2241
YOR298W	1440
YOR298C-A	456
YOR297C	579
YOR296W	3870
YOR295W	687
YOR294W	612
YOR293W	755
YOR293C-A	150
YOR292C	930
YOR291W	4419
YOR290C	5112
YOR289W	756
YOR288C	957
YOR287C	903
YOR286W	450
YOR285W	420
YOR284W	732
YOR283W	693
YOR282W	321
YOR281C	861
YOR280C	801
YOR279C	933
YOR278W	828
YOR277C	309
YOR276W	486
YOR275C	1986
YOR274W	1287
YOR273C	1980
YOR272W	1383
YOR271C	984
YOR270C	2523
YOR269W	1485
YOR268C	399
YOR267C	2280
YOR266W	1272
YOR265W	321
YOR264W	1293
YOR263C	408
YOR262W	1044
YOR261C	1017
YOR260W	1737
YOR259C	1314
YOR258W	654
YOR257W	486
YOR256C	2430
YOR255W	837
YOR254C	1992
YOR253W	531
YOR252W	537
YOR251C	915
YOR250C	1338
YOR249C	2058
YOR248W	303
YOR247W	633
YOR246C	993
YOR245C	1257
YOR244W	1338
YOR243C	2031
YOR242C	1116
YOR241W	1647
YOR240W	1089
YOR239W	1888
YOR238W	912
YOR237W	1305
YOR236W	636
YOR235W	315
YOR234C	851
YOR233W	2403
YOR232W	687
YOR231W	1527
YOR231C-A	201
YOR230W	1314
YOR229W	1404
YOR228C	909
YOR227W	3741
YOR226C	471
YOR225W	330
YOR224C	441
YOR223W	879
YOR222W	924
YOR221C	1083
YOR220W	798
YOR219C	2796
YOR218C	420
YOR217W	2586
YOR216C	1455
YOR215C	558
YOR214C	711
YOR213C	747
YOR212W	1272
YOR211C	2646
YOR210W	213
YOR209C	1290
YOR208W	2253
YOR207C	3450
YOR206W	2133
YOR205C	1671
YOR204W	1815
YOR203W	354
YOR202W	663
YOR201C	1239
YOR200W	399
YOR199W	330
YOR198C	1413
YOR197W	1299
YOR196C	1245
YOR195W	2466
YOR194C	861
YOR193W	1131
YOR192C-C	237
YOR192C	1800
YOR191W	4860
YOR190W	1338
YOR189W	351
YOR188W	3414
YOR187W	1314
YOR186W	435
YOR186C-A	210
YOR185C	663
YOR184W	1188
YOR183W	390
YOR182C	603
YOR181W	1902
YOR180C	816
YOR179C	567
YOR178C	2382
YOR177C	1395
YOR176W	1182
YOR175C	1860
YOR174W	855
YOR173W	1062
YOR172W	2361
YOR171C	1875
YOR170W	306
YOR169C	465
YOR168W	2430
YOR167C	204
YOR166C	1377
YOR165W	2331
YOR164C	939
YOR163W	567
YOR162C	2433
YOR161W-B	261
YOR161W-A	81
YOR161C-C	147
YOR161C	1620
YOR160W	2919
YOR159C	285
YOR158W	957
YOR157C	786
YOR156C	2181
YOR155C	1353
YOR154W	1764
YOR153W	4536
YOR152C	771
YOR151C	3675
YOR150W	492
YOR149C	1551
YOR148C	558
YOR147W	1869
YOR146W	306
YOR145C	825
YOR144C	2376
YOR143C	960
YOR142W	990
YOR141C	2646
YOR140W	2301
YOR139C	393
YOR138C	2016
YOR137C	1869
YOR136W	1110
YOR135C	342
YOR134W	1230
YOR133W	2529
YOR132W	1656
YOR131C	657
YOR130C	879
YOR129C	2682
YOR128C	1716
YOR127W	3024
YOR126C	717
YOR125C	702
YOR124C	3819
YOR123C	1395
YOR122C	590
YOR121C	306
YOR120W	939
YOR119C	1455
YOR118W	1704
YOR117W	1305
YOR116C	4383
YOR115C	807
YOR114W	885
YOR113W	2745
YOR112W	2286
YOR111W	699
YOR110W	1308
YOR109W	3324
YOR108W	1815
YOR108C-A	210
YOR107W	930
YOR106W	852
YOR105W	327
YOR104W	849
YOR103C	393
YOR102W	351
YOR101W	930
YOR100C	984
YOR099W	1182
YOR098C	3231
YOR097C	528
YOR096W	974
YOR095C	777
YOR094W	552
YOR093C	4947
YOR092W	1842
YOR091W	1038
YOR090C	1719
YOR089C	633
YOR088W	1449
YOR087W	2028
YOR086C	3561
YOR085W	1053
YOR084W	1164
YOR083W	888
YOR082C	342
YOR081C	2250
YOR080W	2199
YOR079C	942
YOR078W	645
YOR077W	699
YOR076C	2244
YOR075W	1041
YOR074C	915
YOR073W-A	234
YOR073W	1773
YOR072W-B	162
YOR072W-A	249
YOR072W	315
YOR071C	1797
YOR070C	1914
YOR069W	2028
YOR068C	345
YOR067C	1734
YOR066W	1890
YOR065W	930
YOR064C	660
YOR063W	1164
YOR062C	807
YOR061W	1020
YOR060C	774
YOR059C	1353
YOR058C	2658
YOR057W	1188
YOR056C	1380
YOR055W	435
YOR054C	2025
YOR053W	342
YOR052C	453
YOR051C	1239
YOR050C	348
YOR049C	1065
YOR048C	3021
YOR047C	1335
YOR046C	1449
YOR045W	186
YOR044W	474
YOR043W	1461
YOR042W	1236
YOR041C	432
YOR040W	858
YOR039W	777
YOR038C	2628
YOR037W	1101
YOR036W	867
YOR035C	2370
YOR034C-A	243
YOR034C	2250
YOR033C	2109
YOR032W-A	201
YOR032C	1305
YOR030W	1860
YOR029W	336
YOR028C	888
YOR027W	1770
YOR026W	1026
YOR025W	1344
YOR024W	324
YOR023C	1701
YOR022C	2148
YOR021C	642
YOR020W-A	273
YOR020C	321
YOR019W	2193
YOR018W	2514
YOR017W	2403
YOR016C	624
YOR015W	360
YOR014W	2274
YOR013W	471
YOR012W	414
YOR011W-A	207
YOR011W	4185
YOR010C	756
YOR009W	1464
YOR008W-B	102
YOR008C-A	225
YOR008C	1137
YOR007C	1041
YOR006C	942
YOR005C	2835
YOR004W	765
YOR003W	1437
YOR002W	1635
YOR001W	2202
YOL166W-A	156
YOL166C	339
YOL165C	432
YOL164W-A	183
YOL164W	1941
YOL163W	510
YOL162W	648
YOL161C	363
YOL160W	342
YOL159C-A	273
YOL159C	516
YOL158C	1821
YOL157C	1770
YOL156W	1704
YOL155W-A	135
YOL155C	2904
YOL154W	750
YOL152W	1863
YOL151W	1029
YOL150C	312
YOL149W	696
YOL148C	1815
YOL147C	711
YOL146W	585
YOL145C	3234
YOL144W	1455
YOL143C	510
YOL142W	723
YOL141W	2088
YOL140W	1272
YOL139C	642
YOL138C	4026
YOL137W	1494
YOL136C	1194
YOL135C	669
YOL134C	390
YOL133W	366
YOL132W	1416
YOL131W	327
YOL130W	2580
YOL129W	555
YOL128C	1128
YOL127W	843
YOL126C	1134
YOL125W	1431
YOL124C	1302
YOL123W	1605
YOL122C	1728
YOL121C	825
YOL120C	1008
YOL119C	1506
YOL118C	309
YOL117W	1938
YOL116W	1149
YOL115W	1755
YOL114C	609
YOL113W	1968
YOL112W	1479
YOL111C	639
YOL110W	714
YOL109W	342
YOL108C	456
YOL107W	1029
YOL106W	354
YOL105C	1671
YOL104C	1059
YOL103W	1830
YOL102C	693
YOL101C	939
YOL100W	3246
YOL099C	492
YOL098C	3114
YOL097W-A	186
YOL097C	1299
YOL096C	939
YOL095C	2121
YOL094C	972
YOL093W	882
YOL092W	927
YOL091W	1830
YOL090W	2895
YOL089C	3093
YOL088C	834
YOL087C	3351
YOL086W-A	273
YOL086C	1047
YOL085W-A	213
YOL085C	342
YOL084W	2976
YOL083W	1239
YOL083C-A	141
YOL082W	1248
YOL081W	9240
YOL080C	870
YOL079W	399
YOL078W	3531
YOL077W-A	207
YOL077C	876
YOL076W	2391
YOL075C	3885
YOL073C	969
YOL072W	1368
YOL071W	489
YOL070C	1506
YOL069W	1356
YOL068C	1512
YOL067C	534
YOL066C	1776
YOL065C	1155
YOL064C	1074
YOL063C	2874
YOL062C	1476
YOL061W	1491
YOL060C	2121
YOL059W	1323
YOL058W	1263
YOL057W	2136
YOL056W	912
YOL055C	1656
YOL054W	1221
YOL053W	1188
YOL052C-A	186
YOL052C	1191
YOL051W	3246
YOL050C	321
YOL049W	1476
YOL048C	1107
YOL047C	1134
YOL046C	675
YOL045W	3306
YOL044W	1152
YOL043C	1143
YOL042W	1092
YOL041C	1380
YOL040C	429
YOL039W	321
YOL038W	765
YOL038C-A	96
YOL037C	354
YOL036W	2286
YOL035C	303
YOL034W	3282
YOL033W	1611
YOL032W	741
YOL031C	1266
YOL030W	1455
YOL029C	606
YOL028C	738
YOL027C	1722
YOL026C	342
YOL025W	1983
YOL024W	519
YOL023W	2031
YOL022C	1227
YOL021C	3006
YOL020W	1779
YOL019W-A	153
YOL019W	1656
YOL018C	1194
YOL017W	2145
YOL016C	1344
YOL015W	1761
YOL014W	375
YOL013W-B	291
YOL013W-A	192
YOL013C	1656
YOL012C	405
YOL011W	2061
YOL010W	1104
YOL009C	816
YOL008W	624
YOL007C	1026
YOL006C	2310
YOL005C	363
YOL004W	4611
YOL003C	1137
YOL002C	954
YOL001W	882
YNR077C	255
YNR076W	363
YNR075W	1125
YNR075C-A	93
YNR074C	1137
YNR073C	1509
YNR072W	1695
YNR071C	1029
YNR070W	4002
YNR069C	1470
YNR068C	819
YNR067C	3354
YNR066C	1311
YNR065C	3351
YNR064C	873
YNR063W	1824
YNR062C	984
YNR061C	660
YNR060W	2160
YNR059W	1743
YNR058W	1443
YNR057C	714
YNR056C	1686
YNR055C	1761
YNR054C	951
YNR053C	1993
YNR052C	1302
YNR051C	1548
YNR050C	1341
YNR049C	633
YNR048W	1182
YNR047W	2682
YNR046W	408
YNR045W	1470
YNR044W	2178
YNR043W	1191
YNR042W	429
YNR041C	1119
YNR040W	771
YNR039C	1818
YNR038W	1890
YNR037C	276
YNR036C	462
YNR035C	1029
YNR034W-A	297
YNR034W	966
YNR033W	2364
YNR032W	1107
YNR032C-A	222
YNR031C	4740
YNR030W	1656
YNR029C	1290
YNR028W	927
YNR027W	954
YNR026C	1416
YNR025C	360
YNR024W	561
YNR023W	1701
YNR022C	420
YNR021W	1215
YNR020C	813
YNR019W	1929
YNR018W	675
YNR017W	669
YNR016C	6702
YNR015W	1155
YNR014W	639
YNR013C	2685
YNR012W	1506
YNR011C	2631
YNR010W	450
YNR009W	750
YNR008W	1986
YNR007C	933
YNR006W	1869
YNR005C	405
YNR004W	441
YNR003W-A	99
YNR003C	954
YNR002C	849
YNR001W-A	219
YNR001C	1440
YNL339W-B	483
YNL339W-A	576
YNL339C	5728
YNL338W	159
YNL337W	255
YNL336W	1146
YNL335W	678
YNL334C	669
YNL333W	897
YNL332W	1023
YNL331C	1131
YNL330C	1302
YNL329C	3093
YNL328C	441
YNL327W	3126
YNL326C	1011
YNL325C	2640
YNL324W	396
YNL323W	1245
YNL322C	942
YNL321W	2727
YNL320W	855
YNL319W	441
YNL318C	1623
YNL317W	1398
YNL316C	1005
YNL315C	957
YNL314W	768
YNL313C	2715
YNL312W	930
YNL311C	2292
YNL310C	525
YNL309W	1263
YNL308C	1776
YNL307C	1128
YNL306W	654
YNL305C	894
YNL304W	1254
YNL303W	348
YNL302C	986
YNL301C	993
YNL300W	309
YNL299W	1929
YNL298W	2529
YNL297C	4911
YNL296W	315
YNL295W	1575
YNL294C	1602
YNL293W	1902
YNL292W	1212
YNL291C	1647
YNL290W	1023
YNL289W	840
YNL288W	1122
YNL287W	2808
YNL286W	858
YNL285W	372
YNL284C	969
YNL283C	1512
YNL282W	588
YNL281W	462
YNL280C	1317
YNL279W	1986
YNL278W	3183
YNL277W-A	189
YNL277W	1461
YNL276C	396
YNL275W	1731
YNL274C	1053
YNL273W	3717
YNL272C	2280
YNL271C	5862
YNL270C	1722
YNL269W	396
YNL268W	1836
YNL267W	3201
YNL266W	420
YNL265C	1002
YNL264C	1053
YNL263C	945
YNL262W	6669
YNL261W	1440
YNL260C	489
YNL259C	222
YNL258C	2265
YNL257C	3690
YNL256W	2475
YNL255C	462
YNL254C	1206
YNL253W	1269
YNL252C	846
YNL251C	1728
YNL250W	3939
YNL249C	1629
YNL248C	1248
YNL247W	2304
YNL246W	890
YNL245C	540
YNL244C	327
YNL243W	2907
YNL242W	4779
YNL241C	1518
YNL240C	1476
YNL239W	1365
YNL238W	2445
YNL237W	1380
YNL236W	2925
YNL235C	432
YNL234W	1281
YNL233W	2679
YNL232W	879
YNL231C	1056
YNL230C	1140
YNL229C	1065
YNL228W	777
YNL227C	1773
YNL226W	411
YNL225C	1746
YNL224C	2304
YNL223W	1485
YNL222W	621
YNL221C	2628
YNL220W	1302
YNL219C	1668
YNL218W	1764
YNL217W	981
YNL216W	2484
YNL215W	963
YNL214W	600
YNL213C	645
YNL212W	2349
YNL211C	261
YNL210W	813
YNL209W	1842
YNL208W	600
YNL207W	1278
YNL206C	1368
YNL205C	423
YNL204C	903
YNL203C	612
YNL202W	879
YNL201C	2577
YNL200C	741
YNL199C	1605
YNL198C	303
YNL197C	1986
YNL196C	897
YNL195C	786
YNL194C	906
YNL193W	1677
YNL192W	3396
YNL191W	1074
YNL190W	615
YNL189W	1629
YNL188W	1302
YNL187W	1074
YNL186W	2379
YNL185C	477
YNL184C	327
YNL183C	2373
YNL182C	1668
YNL181W	1224
YNL180C	996
YNL179C	438
YNL178W	723
YNL177C	930
YNL176C	1911
YNL175C	1212
YNL174W	573
YNL173C	1101
YNL172W	5247
YNL171C	369
YNL170W	396
YNL169C	1503
YNL168C	780
YNL167C	1944
YNL166C	1347
YNL165W	1221
YNL164C	1056
YNL163C	3333
YNL162W-A	219
YNL162W	833
YNL161W	2271
YNL160W	1065
YNL159C	870
YNL158W	597
YNL157W	507
YNL156C	900
YNL155W	825
YNL154C	1641
YNL153C	390
YNL152W	1230
YNL151C	756
YNL150W	408
YNL149C	390
YNL148C	765
YNL147W	444
YNL146W	303
YNL146C-A	195
YNL145W	117
YNL144W-A	84
YNL144C	2223
YNL143C	393
YNL142W	1500
YNL141W	1044
YNL140C	570
YNL139C	4794
YNL138W-A	380
YNL138W	1581
YNL137C	1461
YNL136W	1278
YNL135C	345
YNL134C	1131
YNL133C	522
YNL132W	3171
YNL131W	459
YNL130C-A	147
YNL130C	1274
YNL129W	723
YNL128W	1305
YNL127W	2862
YNL126W	2541
YNL125C	2022
YNL124W	1479
YNL123W	2994
YNL122C	348
YNL121C	1854
YNL120C	486
YNL119W	1482
YNL118C	2913
YNL117W	1665
YNL116W	1569
YNL115C	1935
YNL114C	372
YNL113W	429
YNL112W	2643
YNL111C	363
YNL110C	663
YNL109W	546
YNL108C	813
YNL107W	681
YNL106C	3552
YNL105W	429
YNL104C	1860
YNL103W-A	90
YNL103W	2019
YNL102W	4407
YNL101W	2142
YNL100W	705
YNL099C	717
YNL098C	969
YNL097W-A	156
YNL097C-B	123
YNL097C	993
YNL096C	918
YNL095C	1929
YNL094W	1764
YNL093W	663
YNL092W	1203
YNL091W	3723
YNL090W	579
YNL089C	477
YNL088W	4287
YNL087W	3537
YNL086W	309
YNL085W	2493
YNL084C	1050
YNL083W	1485
YNL082W	2622
YNL081C	432
YNL080C	1101
YNL079C	600
YNL078W	1224
YNL077W	1587
YNL076W	1755
YNL075W	873
YNL074C	1359
YNL073W	1731
YNL072W	924
YNL071W	1449
YNL070W	183
YNL069C	1046
YNL068C	2589
YNL067W-B	141
YNL067W-A	147
YNL067W	576
YNL066W	1263
YNL065W	1761
YNL064C	1230
YNL063W	945
YNL062C	1437
YNL061W	1857
YNL059C	2268
YNL058C	951
YNL057W	333
YNL056W	594
YNL055C	852
YNL054W	3498
YNL053W	1470
YNL052W	462
YNL051W	1212
YNL050C	904
YNL049C	2631
YNL048W	1647
YNL047C	1971
YNL046W	519
YNL045W	2016
YNL044W	610
YNL043C	321
YNL042W-B	258
YNL042W	1191
YNL041C	2520
YNL040W	1371
YNL039W	1785
YNL038W	764
YNL037C	1083
YNL036W	666
YNL035C	1170
YNL034W	1839
YNL033W	855
YNL032W	846
YNL031C	411
YNL030W	312
YNL029C	1569
YNL028W	318
YNL027W	2037
YNL026W	1455
YNL025C	972
YNL024C-A	219
YNL024C	741
YNL023C	2898
YNL022C	1473
YNL021W	2121
YNL020C	1917
YNL019C	855
YNL018C	1839
YNL017C	339
YNL016W	1362
YNL015W	228
YNL014W	3135
YNL013C	378
YNL012W	1980
YNL011C	1335
YNL010W	726
YNL009W	1263
YNL008C	2031
YNL007C	1059
YNL006W	912
YNL005C	1116
YNL004W	1707
YNL003C	855
YNL002C	969
YNL001W	1161
YMR326C	309
YMR325W	375
YMR324C	243
YMR323W	1314
YMR322C	714
YMR321C	318
YMR320W	306
YMR319C	1659
YMR318C	1083
YMR317W	3423
YMR316W	1011
YMR316C-B	309
YMR316C-A	312
YMR315W-A	108
YMR315W	1050
YMR314W	705
YMR313C	1929
YMR312W	822
YMR311C	690
YMR310C	954
YMR309C	2439
YMR308C	3270
YMR307W	1680
YMR307C-A	195
YMR306W	5358
YMR306C-A	390
YMR305C	1170
YMR304W	3693
YMR304C-A	351
YMR303C	1047
YMR302C	2553
YMR301C	2073
YMR300C	1533
YMR299C	939
YMR298W	453
YMR297W	1599
YMR296C	1677
YMR295C	594
YMR294W-A	360
YMR294W	1122
YMR293C	1395
YMR292W	499
YMR291W	1761
YMR290W-A	348
YMR290C	1518
YMR289W	1125
YMR288W	2916
YMR287C	2910
YMR286W	261
YMR285C	1548
YMR284W	1809
YMR283C	1542
YMR282C	1743
YMR281W	915
YMR280C	4302
YMR279C	1623
YMR278W	1869
YMR277W	2199
YMR276W	1122
YMR275C	2931
YMR274C	948
YMR273C	2748
YMR272W-B	108
YMR272W-A	114
YMR272C	1155
YMR271C	684
YMR270C	1098
YMR269W	636
YMR268W-A	237
YMR268C	1335
YMR267W	933
YMR266W	2862
YMR265C	1386
YMR264W	612
YMR263W	606
YMR262W	942
YMR261C	3165
YMR260C	462
YMR259C	4263
YMR258C	1662
YMR257C	2403
YMR256C	183
YMR255W	567
YMR254C	309
YMR253C	1245
YMR252C	405
YMR251W-A	180
YMR251W	1101
YMR250W	1758
YMR247W-A	144
YMR247C	4689
YMR246W	2085
YMR245W	621
YMR244W	1068
YMR244C-A	315
YMR243C	1329
YMR242W-A	90
YMR242C	996
YMR241W	945
YMR240C	1311
YMR239C	1416
YMR238W	1377
YMR237W	2175
YMR236W	474
YMR235C	1224
YMR234W	1047
YMR233W	681
YMR232W	2034
YMR231W	3090
YMR230W-A	189
YMR230W	728
YMR229C	5190
YMR228W	1026
YMR227C	1773
YMR226C	804
YMR225C	444
YMR224C	2079
YMR223W	1416
YMR222C	672
YMR221C	1515
YMR220W	1356
YMR219W	4977
YMR218C	3309
YMR217W	1578
YMR216C	2229
YMR215W	1575
YMR214W	1134
YMR213W	1773
YMR212C	2349
YMR211W	1428
YMR210W	1350
YMR209C	1374
YMR208W	1332
YMR207C	6372
YMR206W	942
YMR205C	2880
YMR204C	1263
YMR203W	1164
YMR202W	669
YMR201C	1200
YMR200W	771
YMR199W	1641
YMR198W	1785
YMR197C	654
YMR196W	3267
YMR195W	384
YMR194W	766
YMR194C-B	294
YMR194C-A	225
YMR193W	777
YMR193C-A	387
YMR192W	2163
YMR191W	1122
YMR190C	4344
YMR189W	3105
YMR188C	714
YMR187C	1296
YMR186W	2118
YMR185W	2946
YMR184W	597
YMR183C	888
YMR182W-A	87
YMR182C	636
YMR181C	465
YMR180C	963
YMR179W	2277
YMR178W	825
YMR177W	1533
YMR176W	4236
YMR175W-A	195
YMR175W	240
YMR174C	207
YMR173W-A	1185
YMR173W	1293
YMR172W	2160
YMR172C-A	384
YMR171C	1653
YMR170C	1521
YMR169C	1521
YMR168C	1827
YMR167W	2310
YMR166C	1107
YMR165C	2589
YMR164C	2277
YMR163C	2118
YMR162C	4971
YMR161W	675
YMR160W	2451
YMR159C	453
YMR158W-B	321
YMR158W	468
YMR158C-A	138
YMR157C	768
YMR156C	717
YMR155W	1644
YMR154C	2184
YMR153W	1428
YMR153C-A	336
YMR152W	1098
YMR151W	438
YMR150C	573
YMR149W	861
YMR148W	447
YMR147W	1614
YMR146C	1044
YMR145C	1683
YMR144W	1029
YMR143W	976
YMR142C	1002
YMR141W-A	225
YMR141C	309
YMR140W	1470
YMR139W	1113
YMR138W	576
YMR137C	1986
YMR136W	1683
YMR135W-A	534
YMR135C	1368
YMR134W	714
YMR133W	1403
YMR132C	627
YMR131C	1536
YMR130W	909
YMR129W	4014
YMR128W	3804
YMR127C	1017
YMR126C	1029
YMR125W	2908
YMR124W	2832
YMR123W	369
YMR122W-A	255
YMR122C	375
YMR121C	615
YMR120C	1779
YMR119W-A	375
YMR119W	1875
YMR118C	591
YMR117C	642
YMR116C	1233
YMR115W	1506
YMR114C	1107
YMR113W	1284
YMR112C	396
YMR111C	1389
YMR110C	1599
YMR109W	3660
YMR108W	2064
YMR107W	348
YMR106C	1890
YMR105W-A	195
YMR105C	1710
YMR104C	2034
YMR103C	363
YMR102C	2505
YMR101C	1032
YMR100W	1863
YMR099C	894
YMR098C	1839
YMR097C	1104
YMR096W	894
YMR095C	675
YMR094W	1437
YMR093W	1542
YMR092C	1848
YMR091C	1308
YMR090W	684
YMR089C	2478
YMR088C	1689
YMR087W	855
YMR086W	2883
YMR086C-A	339
YMR085W	1299
YMR084W	789
YMR083W	1128
YMR082C	357
YMR081C	1017
YMR080C	2916
YMR079W	1071
YMR078C	2226
YMR077C	666
YMR076C	3834
YMR075W	2055
YMR075C-A	366
YMR074C	438
YMR073C	606
YMR072W	552
YMR071C	504
YMR070W	1473
YMR069W	858
YMR068W	1281
YMR067C	1251
YMR066W	2697
YMR065W	1515
YMR064W	1557
YMR063W	720
YMR062C	1326
YMR061W	2034
YMR060C	984
YMR059W	387
YMR058W	1911
YMR057C	372
YMR056C	930
YMR055C	921
YMR054W	2673
YMR053C	2553
YMR052W	615
YMR052C-A	366
YMR049C	2424
YMR048W	954
YMR047C	3342
YMR046W-A	129
YMR044W	1428
YMR043W	861
YMR042W	534
YMR041C	1008
YMR040W	483
YMR039C	879
YMR038C	750
YMR037C	2115
YMR036C	1665
YMR035W	534
YMR034C	1305
YMR033W	1490
YMR032W	2010
YMR031W-A	327
YMR031C	2532
YMR030W-A	291
YMR030W	1131
YMR029C	1572
YMR028W	1101
YMR027W	1413
YMR026C	1200
YMR025W	888
YMR024W	1173
YMR023C	1581
YMR022W	498
YMR021C	1254
YMR020W	1527
YMR019W	2850
YMR018W	1545
YMR017W	1194
YMR016C	2358
YMR015C	1617
YMR014W	1560
YMR013W-A	81
YMR013C-A	150
YMR013C	1560
YMR012W	3834
YMR011W	1626
YMR010W	1218
YMR009W	540
YMR008C-A	468
YMR008C	1995
YMR007W	381
YMR006C	2121
YMR005W	1167
YMR004W	1536
YMR003W	597
YMR002W	471
YMR001C-A	231
YMR001C	2118
YML133W-B	483
YML133W-A	576
YML133C	4224
YML132W	1140
YML131W	1098
YML130C	1692
YML129C	213
YML128C	1542
YML127W	1746
YML126C	1476
YML125C	939
YML124C	1636
YML123C	1764
YML122C	381
YML121W	933
YML120C	1542
YML119W	1074
YML118W	1518
YML117W	3405
YML116W-A	303
YML116W	1629
YML115C	1608
YML114C	1533
YML113W	747
YML112W	891
YML111W	2763
YML110C	924
YML109W	2829
YML108W	318
YML107C	1005
YML106W	681
YML105C	822
YML104C	3384
YML103C	4968
YML102W	1407
YML101C-A	318
YML101C	354
YML100W-A	174
YML100W	3297
YML099W-A	330
YML099C	2643
YML098W	504
YML097C	1356
YML096W	1578
YML095C	633
YML094W	575
YML094C-A	402
YML093W	2700
YML092C	753
YML091C	3609
YML090W	387
YML089C	369
YML088W	2007
YML087C	939
YML086C	1581
YML085C	1460
YML084W	309
YML083C	1257
YML082W	1950
YML081W	3756
YML081C-A	180
YML080W	1272
YML079W	606
YML078W	549
YML077W	480
YML076C	2835
YML075C	3165
YML074C	1236
YML073C	946
YML072C	4638
YML071C	1824
YML070W	1755
YML069W	1659
YML068W	1395
YML067C	1152
YML066C	1110
YML065W	2745
YML064C	738
YML063W	768
YML062C	1179
YML061C	2580
YML060W	1131
YML059C	5040
YML058W-A	207
YML058W	315
YML057W	1815
YML057C-A	390
YML056C	1983
YML055W	537
YML054C-A	159
YML054C	1776
YML053C	639
YML052W	909
YML051W	1308
YML050W	936
YML049C	4086
YML048W	1212
YML047W-A	366
YML047C	1059
YML046W	1890
YML043C	1524
YML042W	2013
YML041C	843
YML038C	1329
YML037C	1023
YML036W	652
YML035C	2433
YML034W	2631
YML034C-A	399
YML033W	441
YML032C	1416
YML031W	1968
YML031C-A	336
YML030W	480
YML029W	2517
YML028W	591
YML027W	1158
YML026C	842
YML025C	960
YML024W	809
YML023C	1671
YML022W	564
YML021C	1080
YML020W	1995
YML019W	999
YML018C	1182
YML017W	2144
YML016C	2079
YML015C	1041
YML014W	840
YML013W	1755
YML012W	636
YML012C-A	378
YML011C	534
YML010W	3192
YML009W-B	477
YML009C-A	327
YML009C	213
YML008C	1152
YML007W	1953
YML007C-A	111
YML006C	2325
YML005W	1389
YML004C	981
YML003W	873
YML002W	2214
YML001W	627
YLR467W	5391
YLR467C-A	483
YLR466W	4149
YLR466C-B	117
YLR466C-A	483
YLR465C	309
YLR464W	930
YLR463C	552
YLR462W	609
YLR461W	363
YLR460C	1131
YLR459W	1185
YLR458W	381
YLR457C	960
YLR456W	615
YLR455W	915
YLR454W	7887
YLR453C	1188
YLR452C	2097
YLR451W	2661
YLR450W	3138
YLR449W	1179
YLR448W	915
YLR447C	1038
YLR446W	1302
YLR445W	649
YLR444C	303
YLR443W	1347
YLR442C	2937
YLR441C	768
YLR440C	2130
YLR439W	960
YLR438W	1275
YLR438C-A	270
YLR437C-A	228
YLR437C	402
YLR436C	3825
YLR435W	618
YLR434C	384
YLR433C	1662
YLR432W	1572
YLR431C	1362
YLR430W	6696
YLR429W	1956
YLR428C	345
YLR427W	2013
YLR426W	1052
YLR425W	3924
YLR424W	2127
YLR423C	1254
YLR422W	5799
YLR421C	471
YLR420W	1095
YLR419W	4308
YLR418C	1182
YLR417W	1701
YLR416C	399
YLR415C	339
YLR414C	792
YLR413W	2028
YLR412W	825
YLR412C-A	207
YLR411W	726
YLR410W	3441
YLR409C	2820
YLR408C	369
YLR407W	687
YLR406C-A	150
YLR406C	691
YLR405W	1104
YLR404W	858
YLR403W	2052
YLR402W	192
YLR401C	2007
YLR400W	474
YLR399W-A	105
YLR399C	2061
YLR398C	3864
YLR397C	2343
YLR396C	2076
YLR395C	237
YLR394W	1449
YLR393W	840
YLR392C	1557
YLR391W	459
YLR390W-A	717
YLR390W	339
YLR389C	3084
YLR388W	171
YLR387C	1299
YLR386W	2643
YLR385C	399
YLR384C	4050
YLR383W	3345
YLR382C	2685
YLR381W	2202
YLR380W	1227
YLR379W-A	273
YLR379W	375
YLR378C	1443
YLR377C	1047
YLR376C	729
YLR375W	1032
YLR374C	390
YLR373C	2706
YLR372W	1038
YLR371W	4071
YLR370C	537
YLR369W	1974
YLR368W	1797
YLR367W	876
YLR366W	306
YLR365W	333
YLR364W	330
YLR364C-A	123
YLR363W-A	258
YLR363C	657
YLR362W	2154
YLR361C-A	297
YLR361C	1737
YLR360W	1320
YLR359W	1449
YLR358C	564
YLR357W	2670
YLR356W	594
YLR355C	1188
YLR354C	1008
YLR353W	1812
YLR352W	2424
YLR351C	876
YLR350W	651
YLR349W	507
YLR348C	897
YLR347W-A	141
YLR347C	2586
YLR346C	306
YLR345W	1530
YLR344W	831
YLR343W	1668
YLR342W-A	174
YLR342W	5631
YLR341W	1434
YLR340W	939
YLR339C	552
YLR338W	858
YLR337C	2454
YLR336C	2700
YLR335W	2163
YLR334C	381
YLR333C	327
YLR332W	1131
YLR331C	378
YLR330W	2016
YLR329W	892
YLR328W	1206
YLR327C	261
YLR326W	723
YLR325C	237
YLR324W	1572
YLR323C	780
YLR322W	315
YLR321C	1281
YLR320W	4365
YLR319C	2367
YLR318W	2655
YLR317W	435
YLR316C	1093
YLR315W	462
YLR314C	1563
YLR313C	1593
YLR312W-A	762
YLR312C-B	288
YLR312C	1197
YLR311C	348
YLR310C	4770
YLR309C	2736
YLR308W	939
YLR307W	906
YLR307C-A	264
YLR306W	701
YLR305C	5703
YLR304C	2337
YLR303W	1335
YLR302C	363
YLR301W	735
YLR300W	1347
YLR299W	1983
YLR299C-A	93
YLR298C	696
YLR297W	390
YLR296W	327
YLR295C	375
YLR294C	330
YLR293C	660
YLR292C	582
YLR291C	1146
YLR290C	834
YLR289W	1938
YLR288C	1425
YLR287C-A	622
YLR287C	1068
YLR286W-A	135
YLR286C	1689
YLR285W	786
YLR285C-A	171
YLR284C	843
YLR283W	945
YLR282C	342
YLR281C	468
YLR280C	351
YLR279W	390
YLR278C	4026
YLR277C	2340
YLR276C	1785
YLR275W	423
YLR274W	2328
YLR273C	1947
YLR272C	3531
YLR271W	825
YLR270W	1053
YLR269C	351
YLR268W	645
YLR267W	1713
YLR266C	2106
YLR265C	1029
YLR264W	204
YLR264C-A	117
YLR263W	2484
YLR262C-A	195
YLR262C	648
YLR261C	327
YLR260W	2064
YLR259C	1719
YLR258W	2118
YLR257W	966
YLR256W	4509
YLR255C	354
YLR254C	570
YLR253W	1710
YLR252W	306
YLR251W	594
YLR250W	705
YLR249W	3135
YLR248W	1833
YLR247C	4671
YLR246W	1080
YLR245C	429
YLR244C	1164
YLR243W	819
YLR242C	966
YLR241W	2349
YLR240W	2628
YLR239C	987
YLR238W	1437
YLR237W	1797
YLR236C	324
YLR235C	399
YLR234W	1971
YLR233C	2100
YLR232W	348
YLR231C	1362
YLR230W	306
YLR229C	576
YLR228C	2445
YLR227C	1482
YLR226W	1188
YLR225C	1224
YLR224W	1110
YLR223C	3258
YLR222C-A	231
YLR222C	2454
YLR221C	663
YLR220W	969
YLR219W	2187
YLR218C	453
YLR217W	324
YLR216C	1116
YLR215C	1083
YLR214W	2061
YLR213C	1269
YLR212C	1422
YLR211C	740
YLR210W	1383
YLR209C	936
YLR208W	894
YLR207W	2502
YLR206W	1842
YLR205C	954
YLR204W	336
YLR203C	1311
YLR202C	443
YLR201C	783
YLR200W	345
YLR199C	917
YLR198C	360
YLR197W	1515
YLR196W	1731
YLR195C	1368
YLR194C	765
YLR193C	528
YLR192C	798
YLR191W	1161
YLR190W	1476
YLR189C	3597
YLR188W	2088
YLR187W	3081
YLR186W	759
YLR185W	626
YLR184W	348
YLR183C	1470
YLR182W	2412
YLR181C	993
YLR180W	1149
YLR179C	606
YLR178C	660
YLR177W	1887
YLR176C	2436
YLR175W	1452
YLR174W	1239
YLR173W	1827
YLR172C	903
YLR171W	390
YLR170C	471
YLR169W	354
YLR168C	693
YLR167W	459
YLR166C	2616
YLR165C	765
YLR164W	507
YLR163W-A	114
YLR163C	1389
YLR162W-A	189
YLR162W	357
YLR161W	345
YLR160C	1089
YLR159W	345
YLR159C-A	132
YLR158C	1089
YLR157W-E	165
YLR157W-D	213
YLR157C-C	132
YLR157C	1089
YLR156W	345
YLR156C-A	132
YLR155C	1089
YLR154W-F	141
YLR154W-E	204
YLR154W-C	375
YLR154W-B	165
YLR154W-A	186
YLR154C-H	132
YLR154C-G	150
YLR154C	333
YLR153C	2052
YLR152C	1731
YLR151C	1023
YLR150W	822
YLR149C-A	87
YLR149C	2193
YLR148W	2757
YLR147C	306
YLR146W-A	189
YLR146C	903
YLR145W	606
YLR144C	2340
YLR143W	2058
YLR142W	1431
YLR141W	1092
YLR140W	327
YLR139C	1932
YLR138W	2958
YLR137W	1104
YLR136C	858
YLR135W	2247
YLR134W	1692
YLR133W	1749
YLR132C	873
YLR131C	2313
YLR130C	1269
YLR129W	2832
YLR128W	904
YLR127C	2562
YLR126C	756
YLR125W	411
YLR124W	345
YLR123C	330
YLR122C	378
YLR121C	1527
YLR120W-A	102
YLR120C	1710
YLR119W	642
YLR118C	684
YLR117C	2064
YLR116W	1431
YLR115W	2580
YLR114C	2295
YLR113W	1308
YLR112W	420
YLR111W	333
YLR110C	402
YLR109W	531
YLR108C	1458
YLR107W	1215
YLR106C	14733
YLR105C	1134
YLR104W	396
YLR103C	1953
YLR102C	798
YLR101C	396
YLR100W	1044
YLR099W-A	264
YLR099C	1185
YLR098C	1947
YLR097C	1035
YLR096W	3444
YLR095C	2439
YLR094C	1509
YLR093C	903
YLR092W	2682
YLR091W	882
YLR090W	1380
YLR089C	1779
YLR088W	1845
YLR087C	8877
YLR086W	4257
YLR085C	1317
YLR084C	3663
YLR083C	2004
YLR082C	1179
YLR081W	1725
YLR080W	1335
YLR079W	855
YLR078C	824
YLR077W	1752
YLR076C	423
YLR075W	666
YLR074C	501
YLR073C	603
YLR072W	2082
YLR071C	3249
YLR070C	1071
YLR069C	2286
YLR068W	456
YLR067C	2898
YLR066W	555
YLR065C	546
YLR064W	822
YLR063W	1098
YLR062C	378
YLR061W	755
YLR060W	1788
YLR059C	810
YLR058C	1410
YLR057W	2550
YLR056W	1098
YLR055C	1809
YLR054C	2262
YLR053C	327
YLR052W	753
YLR051C	654
YLR050C	486
YLR049C	1287
YLR048W	1118
YLR047C	2061
YLR046C	813
YLR045C	2667
YLR044C	1692
YLR043C	312
YLR042C	486
YLR041W	321
YLR040C	675
YLR039C	3171
YLR038C	252
YLR037C	375
YLR036C	612
YLR035C	2088
YLR034C	1422
YLR033W	1509
YLR032W	3510
YLR031W	561
YLR030W	792
YLR029C	615
YLR028C	1776
YLR027C	1257
YLR026C	1023
YLR025W	723
YLR024C	5619
YLR023C	1632
YLR022C	753
YLR021W	540
YLR020C	1617
YLR019W	1194
YLR018C	900
YLR017W	1014
YLR016C	615
YLR015W	1518
YLR014C	2715
YLR013W	426
YLR012C	300
YLR011W	576
YLR010C	483
YLR009W	600
YLR008C	507
YLR007W	1011
YLR006C	2139
YLR005W	1386
YLR004C	1572
YLR003C	876
YLR002C	1992
YLR001C	2589
YLL067W-A	483
YLL067C	3717
YLL066W-B	171
YLL066W-A	483
YLL066C	3717
YLL065W	351
YLL064C	363
YLL063C	1425
YLL062C	975
YLL061W	1752
YLL060C	702
YLL059C	507
YLL058W	1728
YLL057C	1239
YLL056C	897
YLL055W	1596
YLL054C	2532
YLL053C	459
YLL052C	450
YLL051C	2139
YLL050C	611
YLL049W	540
YLL048C	4986
YLL047W	384
YLL046C	750
YLL045C	771
YLL044W	447
YLL043W	2010
YLL042C	504
YLL041C	801
YLL040C	9435
YLL039C	1146
YLL038C	744
YLL037W	381
YLL036C	1512
YLL035W	1899
YLL034C	2514
YLL033W	693
YLL032C	2478
YLL031C	3054
YLL030C	342
YLL029W	2250
YLL028W	1761
YLL027W	753
YLL026W	2727
YLL025W	375
YLL024C	1920
YLL023C	840
YLL022C	1158
YLL021W	4401
YLL020C	306
YLL019W-A	93
YLL019C	2214
YLL018C-A	297
YLL018C	1674
YLL015W	4680
YLL014W	327
YLL013C	2640
YLL012W	1722
YLL011W	1470
YLL010C	1284
YLL009C	210
YLL008W	2259
YLL007C	1998
YLL006W-A	177
YLL006W	1281
YLL005C	2607
YLL004W	1851
YLL003W	2841
YLL002W	1311
YLL001W	2274
YKR106W	1848
YKR105C	1749
YKR104W	921
YKR103W	3657
YKR102W	3510
YKR101W	1965
YKR100C	1068
YKR099W	2436
YKR099C-A	192
YKR098C	2154
YKR097W	1650
YKR096W	3588
YKR095W-A	342
YKR095W	5628
YKR094C	755
YKR093W	1806
YKR092C	1221
YKR091W	741
YKR090W	2121
YKR089C	2733
YKR088C	1014
YKR087C	1038
YKR086W	3216
YKR085C	588
YKR084C	1836
YKR083C	402
YKR082W	3474
YKR081C	1035
YKR080W	963
YKR079C	2517
YKR078W	1758
YKR077W	1092
YKR076W	1113
YKR075W-A	270
YKR075C	924
YKR074W	468
YKR073C	321
YKR072C	1689
YKR071C	1047
YKR070W	1059
YKR069W	1782
YKR068C	582
YKR067W	2232
YKR066C	1086
YKR065C	594
YKR064W	2592
YKR063C	1509
YKR062W	987
YKR061W	1278
YKR060W	825
YKR059W	1188
YKR058W	1851
YKR057W	586
YKR056W	1920
YKR055W	876
YKR054C	12279
YKR053C	1215
YKR052C	915
YKR051W	1257
YKR050W	2670
YKR049C	402
YKR048C	1254
YKR047W	306
YKR046C	852
YKR045C	552
YKR044W	1332
YKR043C	816
YKR042W	1098
YKR041W	753
YKR040C	504
YKR039W	1809
YKR038C	1161
YKR037C	888
YKR036C	1932
YKR035W-A	615
YKR035C	642
YKR034W	810
YKR033C	426
YKR032W	315
YKR031C	5052
YKR030W	822
YKR029C	2256
YKR028W	3102
YKR027W	2298
YKR026C	918
YKR025W	849
YKR024C	2229
YKR023W	1593
YKR022C	969
YKR021W	2748
YKR020W	495
YKR019C	1848
YKR018C	2178
YKR017C	1656
YKR016W	1623
YKR015C	1707
YKR014C	705
YKR013W	990
YKR012C	378
YKR011C	1062
YKR010C	2316
YKR009C	2703
YKR008W	1878
YKR007W	555
YKR006C	795
YKR005C	1647
YKR004C-A	243
YKR004C	1238
YKR003W	1347
YKR002W	1707
YKR001C	2115
YKL225W	348
YKL224C	372
YKL223W	333
YKL222C	2118
YKL221W	1422
YKL220C	2136
YKL219W	1224
YKL218C	981
YKL217W	1851
YKL216W	945
YKL215C	3861
YKL214C	612
YKL213C	2148
YKL212W	1872
YKL211C	1455
YKL210W	3075
YKL209C	3873
YKL208W	816
YKL207W	762
YKL206C	804
YKL205W	3303
YKL204W	1899
YKL203C	7425
YKL202W	582
YKL201C	3537
YKL200C	1197
YKL199C	840
YKL198C	1989
YKL197C	3132
YKL196C	603
YKL195W	1212
YKL194C	1389
YKL193C	1017
YKL192C	378
YKL191W	1605
YKL190W	604
YKL189W	1200
YKL188C	2562
YKL187C	2253
YKL186C	555
YKL185W	1767
YKL184W	1401
YKL183W	921
YKL183C-A	213
YKL182W	6156
YKL181W	1284
YKL180W	861
YKL179C	2040
YKL178C	1413
YKL177W	339
YKL176C	2487
YKL175W	1512
YKL174C	1857
YKL173W	3027
YKL172W	1284
YKL171W	2787
YKL170W	417
YKL169C	384
YKL168C	2175
YKL167C	414
YKL166C	1197
YKL165C-A	234
YKL165C	2760
YKL164C	1026
YKL163W	978
YKL162C-A	153
YKL162C	1209
YKL161C	1302
YKL160W	438
YKL159C	636
YKL158W	303
YKL157W	3242
YKL156W	600
YKL156C-A	117
YKL155C	1887
YKL154W	735
YKL153W	510
YKL152C	744
YKL151C	1014
YKL150W	909
YKL149C	1218
YKL148C	1923
YKL147C	618
YKL146W	2079
YKL145W-A	93
YKL145W	1404
YKL144C	639
YKL143W	1392
YKL142W	660
YKL141W	597
YKL140W	1647
YKL139W	1587
YKL138C-A	210
YKL138C	396
YKL137W	336
YKL136W	399
YKL135C	2181
YKL134C	2319
YKL133C	1392
YKL132C	1293
YKL131W	522
YKL130C	741
YKL129C	3819
YKL128C	888
YKL127W	1713
YKL126W	2043
YKL125W	1884
YKL124W	1740
YKL123W	381
YKL122C	504
YKL121W	2559
YKL120W	975
YKL119C	648
YKL118W	312
YKL117W	651
YKL116C	1557
YKL115C	393
YKL114C	1104
YKL113C	1149
YKL112W	2196
YKL111C	336
YKL110C	942
YKL109W	1665
YKL108W	1362
YKL107W	930
YKL106W	1356
YKL106C-A	120
YKL105C	3399
YKL104W-A	255
YKL104C	2154
YKL103C	1545
YKL102C	306
YKL101W	4557
YKL100W-A	90
YKL100C	1764
YKL099C	753
YKL098W	1074
YKL097C	411
YKL096W-A	279
YKL096W	720
YKL096C-B	150
YKL095W	837
YKL094W	942
YKL093W	1020
YKL092C	3315
YKL091C	933
YKL090W	1332
YKL089W	1650
YKL088W	1716
YKL087C	675
YKL086W	384
YKL085W	1005
YKL084W	351
YKL083W	615
YKL082C	1305
YKL081W	1565
YKL080W	1179
YKL079W	1971
YKL078W	2208
YKL077W	1179
YKL076C	384
YKL075C	1353
YKL074C	1584
YKL073W	2646
YKL072W	2301
YKL071W	771
YKL070W	510
YKL069W	543
YKL068W-A	237
YKL068W	2880
YKL067W	462
YKL066W	444
YKL065W-A	222
YKL065C	621
YKL064W	2910
YKL063C	504
YKL062W	1893
YKL061W	342
YKL060C	1080
YKL059C	1326
YKL058W	369
YKL057C	3114
YKL056C	504
YKL055C	837
YKL054C	2217
YKL053W	375
YKL053C-A	261
YKL052C	879
YKL051W	1062
YKL050C	2769
YKL049C	690
YKL048C	1923
YKL047W	1551
YKL046C	1350
YKL045W	1587
YKL044W	321
YKL043W	1101
YKL042W	1092
YKL041W	675
YKL040C	771
YKL039W	1572
YKL038W	3513
YKL037W	357
YKL036C	393
YKL035W	1500
YKL034W	2277
YKL033W-A	711
YKL033W	3117
YKL032C	1794
YKL031W	414
YKL030W	606
YKL029C	2010
YKL028W	1449
YKL027W	1344
YKL026C	504
YKL025C	2040
YKL024C	615
YKL023W	834
YKL023C-A	228
YKL022C	2523
YKL021C	1407
YKL020C	3249
YKL019W	951
YKL018W	990
YKL018C-A	300
YKL017C	2052
YKL016C	525
YKL015W	2940
YKL014C	5295
YKL013C	516
YKL012W	1752
YKL011C	1062
YKL010C	4452
YKL009W	711
YKL008C	1257
YKL007W	807
YKL006W	815
YKL006C-A	435
YKL005C	1785
YKL004W	1206
YKL003W-A	120
YKL003C	396
YKL002W	767
YKL001C	609
YJR162C	351
YJR161C	1152
YJR160C	1809
YJR159W	1074
YJR158W	1704
YJR157W	363
YJR156C	1023
YJR155W	867
YJR154W	1041
YJR153W	1086
YJR152W	1632
YJR151W-A	51
YJR151C	3486
YJR150C	897
YJR149W	1215
YJR148W	1131
YJR147W	1077
YJR146W	354
YJR145C	1042
YJR144W	810
YJR143C	2289
YJR142W	1029
YJR141W	1044
YJR140W-A	150
YJR140C	4947
YJR139C	1080
YJR138W	4755
YJR137C	4329
YJR136C	1266
YJR135W-A	264
YJR135C	720
YJR134C	2124
YJR133W	630
YJR132W	3147
YJR131W	1650
YJR130C	1920
YJR129C	1020
YJR128W	360
YJR127C	4143
YJR126C	2436
YJR125C	1227
YJR124C	1347
YJR123W	678
YJR122W	1494
YJR121W	1536
YJR120W	351
YJR119C	2187
YJR118C	612
YJR117W	1362
YJR116W	840
YJR115W	510
YJR114W	393
YJR113C	744
YJR112W-A	379
YJR112W	606
YJR111C	852
YJR110W	2067
YJR109C	3357
YJR108W	372
YJR107W	987
YJR107C-A	237
YJR106W	2178
YJR105W	1023
YJR104C	465
YJR103W	1737
YJR102C	609
YJR101W	801
YJR100C	984
YJR099W	711
YJR098C	1971
YJR097W	519
YJR096W	849
YJR095W	969
YJR094W-A	554
YJR094C	1083
YJR093C	984
YJR092W	4344
YJR091C	3276
YJR090C	3456
YJR089W	2865
YJR088C	879
YJR087W	351
YJR086W	333
YJR085C	318
YJR084W	1272
YJR083C	930
YJR082C	342
YJR080C	1185
YJR079W	1035
YJR078W	1362
YJR077C	936
YJR076C	1248
YJR075W	1191
YJR074W	657
YJR073C	621
YJR072C	1158
YJR071W	369
YJR070C	978
YJR069C	594
YJR068W	1062
YJR067C	426
YJR066W	7413
YJR065C	1350
YJR064W	1689
YJR063W	378
YJR062C	1374
YJR061W	2808
YJR060W	1056
YJR059W	2457
YJR058C	444
YJR057W	651
YJR056C	711
YJR055W	495
YJR054W	1494
YJR053W	1725
YJR052W	1698
YJR051W	1506
YJR050W	708
YJR049C	1593
YJR048W	330
YJR047C	474
YJR046W	1815
YJR045C	1965
YJR044C	423
YJR043C	1053
YJR042W	2235
YJR041C	3525
YJR040W	2340
YJR039W	3366
YJR038C	363
YJR037W	384
YJR036C	2679
YJR035W	3258
YJR034W	327
YJR033C	4074
YJR032W	1182
YJR031C	4227
YJR030C	2238
YJR025C	534
YJR024C	735
YJR023C	402
YJR022W	330
YJR021C	1025
YJR020W	333
YJR019C	1050
YJR018W	363
YJR017C	513
YJR016C	1758
YJR015W	1533
YJR014W	597
YJR013W	1212
YJR012C	399
YJR011C	786
YJR010W	1536
YJR010C-A	285
YJR009C	999
YJR008W	1017
YJR007W	915
YJR006W	1464
YJR005W	2103
YJR005C-A	282
YJR004C	1953
YJR003C	1560
YJR002W	1782
YJR001W	1809
YJL225W-A	483
YJL225C	5665
YJL223C	363
YJL222W-B	138
YJL222W-A	228
YJL222W	4650
YJL221C	1770
YJL220W	453
YJL219W	1704
YJL218W	591
YJL217W	597
YJL216C	1746
YJL215C	360
YJL214W	1710
YJL213W	996
YJL212C	2400
YJL211C	444
YJL210W	816
YJL209W	1965
YJL208C	990
YJL207C	6045
YJL206C	2277
YJL205C	305
YJL204C	2523
YJL203W	843
YJL202C	348
YJL201W	1800
YJL200C	2370
YJL199C	327
YJL198W	2646
YJL197W	3765
YJL197C-A	282
YJL196C	933
YJL195C	702
YJL194W	1542
YJL193W	1209
YJL192C	705
YJL191W	825
YJL190C	393
YJL189W	542
YJL188C	309
YJL187C	2460
YJL186W	1761
YJL185C	882
YJL184W	372
YJL183W	1269
YJL182C	318
YJL181W	1836
YJL180C	978
YJL179W	330
YJL178C	816
YJL177W	872
YJL176C	2478
YJL175W	513
YJL174W	831
YJL173C	369
YJL172W	1731
YJL171C	1191
YJL170C	630
YJL169W	369
YJL168C	2202
YJL167W	1059
YJL166W	285
YJL165C	2568
YJL164C	1194
YJL163C	1668
YJL162C	1752
YJL161W	543
YJL160C	864
YJL159W	1242
YJL158C	684
YJL157C	2493
YJL156W-A	222
YJL156C	2100
YJL155C	1359
YJL154C	2835
YJL153C	1602
YJL152W	360
YJL151C	402
YJL150W	303
YJL149W	1992
YJL148W	702
YJL147C	1149
YJL146W	1410
YJL145W	885
YJL144W	315
YJL143W	477
YJL142C	393
YJL141C	2424
YJL140W	666
YJL139C	1287
YJL138C	1188
YJL137C	1143
YJL136W-A	84
YJL136C	724
YJL135W	318
YJL134W	1230
YJL133W	945
YJL133C-A	225
YJL132W	2253
YJL131C	1071
YJL130C	6645
YJL129C	3708
YJL128C	2007
YJL127W-A	117
YJL127C-B	159
YJL127C	1923
YJL126W	924
YJL125C	1152
YJL124C	519
YJL123C	1437
YJL122W	528
YJL121C	717
YJL120W	324
YJL119C	324
YJL118W	660
YJL117W	936
YJL116C	1014
YJL115W	840
YJL112W	2145
YJL111W	1653
YJL110C	1656
YJL109C	5310
YJL108C	1152
YJL107C	1164
YJL106W	1938
YJL105W	1683
YJL104W	450
YJL103C	1857
YJL102W	2460
YJL101C	2037
YJL100W	1824
YJL099W	2241
YJL098W	3177
YJL097W	654
YJL096W	486
YJL095W	4437
YJL094C	2622
YJL093C	2076
YJL092W	3525
YJL091C	1473
YJL090C	2295
YJL089W	2490
YJL088W	1017
YJL087C	2484
YJL086C	369
YJL085W	1872
YJL084C	3141
YJL083W	1815
YJL082W	2196
YJL081C	1470
YJL080C	3669
YJL079C	900
YJL078C	2646
YJL077W-B	99
YJL077W-A	87
YJL077C	396
YJL076W	3570
YJL075C	417
YJL074C	3693
YJL073W	1938
YJL072C	642
YJL071W	1725
YJL070C	2667
YJL069C	1785
YJL068C	900
YJL067W	351
YJL066C	759
YJL065C	504
YJL064W	396
YJL063C	717
YJL062W-A	258
YJL062W	2493
YJL061W	2142
YJL060W	1335
YJL059W	1227
YJL058C	1632
YJL057C	2004
YJL056C	2643
YJL055W	738
YJL054W	1437
YJL053W	1140
YJL052W	999
YJL052C-A	120
YJL051W	2469
YJL050W	3222
YJL049W	1353
YJL048C	1191
YJL047C-A	135
YJL047C	2529
YJL046W	1230
YJL045W	1905
YJL044C	1377
YJL043W	774
YJL042W	4197
YJL041W	2590
YJL039C	5052
YJL038C	660
YJL037W	675
YJL036W	1272
YJL035C	753
YJL034W	2049
YJL033W	2313
YJL032W	315
YJL031C	1071
YJL030W	591
YJL029C	2469
YJL028W	336
YJL027C	417
YJL026W	1200
YJL026C-A	222
YJL025W	1545
YJL024C	662
YJL023C	1044
YJL022W	309
YJL021C	1098
YJL020W-A	258
YJL020C	3474
YJL019W	2049
YJL018W	315
YJL017W	978
YJL016W	1686
YJL015C	285
YJL014W	1605
YJL013C	1548
YJL012C-A	198
YJL012C	2166
YJL011C	486
YJL010C	2001
YJL009W	327
YJL008C	1707
YJL007C	315
YJL006C	972
YJL005W	6081
YJL004C	612
YJL003W	357
YJL002C	1431
YJL001W	764
YIR042C	711
YIR041W	375
YIR040C	333
YIR039C	1614
YIR038C	705
YIR037W	492
YIR036W-A	402
YIR036C	792
YIR035C	765
YIR034C	1122
YIR033W	3342
YIR032C	588
YIR031C	1665
YIR030W-A	384
YIR030C	735
YIR029W	1032
YIR028W	1908
YIR027C	1383
YIR026C	1095
YIR025W	1107
YIR024C	651
YIR023W	2913
YIR023C-A	324
YIR022W	504
YIR021W-A	213
YIR021W	1092
YIR020W-A	243
YIR020C-B	735
YIR020C	303
YIR019C	4104
YIR018W	738
YIR018C-A	138
YIR017W-A	600
YIR017C	564
YIR016W	798
YIR015W	435
YIR014W	729
YIR013C	366
YIR012W	1296
YIR011C	960
YIR010W	1731
YIR009W	336
YIR008C	1230
YIR007W	2295
YIR006C	4443
YIR005W	447
YIR004W	1299
YIR003W	2040
YIR002C	2982
YIR001C	753
YIL177W-A	483
YIL177C	5665
YIL176C	363
YIL173W	4650
YIL172C	1770
YIL171W-A	453
YIL169C	2988
YIL166C	1629
YIL165C	360
YIL164C	600
YIL163C	354
YIL162W	1599
YIL161W	708
YIL160C	1254
YIL159W	4128
YIL158W	615
YIL157C	594
YIL156W-B	284
YIL156W-A	402
YIL156W	3216
YIL155C	1950
YIL154C	1041
YIL153W	1182
YIL152W	708
YIL151C	3357
YIL150C	1716
YIL149C	5040
YIL148W	821
YIL147C	3663
YIL146C	1590
YIL145C	930
YIL144W	2076
YIL143C	2532
YIL142W	1584
YIL142C-A	333
YIL141W	390
YIL140W	2472
YIL139C	738
YIL138C	486
YIL137C	2841
YIL136W	1182
YIL135C	1311
YIL134W	936
YIL134C-A	204
YIL133C	890
YIL132C	642
YIL131C	1455
YIL130W	2895
YIL129C	7131
YIL128W	3099
YIL127C	621
YIL126W	4080
YIL125W	3045
YIL124W	894
YIL123W	1431
YIL122W	1056
YIL121W	1629
YIL120W	1692
YIL119C	1224
YIL118W	696
YIL117C	957
YIL116W	1158
YIL115W-A	372
YIL115C	4383
YIL114C	846
YIL113W	630
YIL112W	3252
YIL111W	544
YIL110W	1134
YIL109C	2781
YIL108W	2091
YIL107C	2484
YIL106W	1030
YIL105W-A	141
YIL105C	2061
YIL104C	1524
YIL103W	1278
YIL102C-A	228
YIL102C	306
YIL101C	1944
YIL100W	354
YIL100C-A	339
YIL099W	1650
YIL098C	468
YIL097W	1551
YIL096C	1011
YIL095W	2433
YIL094C	1116
YIL093C	795
YIL092W	1902
YIL091C	2166
YIL090W	1476
YIL089W	618
YIL088C	1473
YIL087C	474
YIL086C	309
YIL085C	1554
YIL084C	984
YIL083C	1098
YIL082W	873
YIL079C	1083
YIL078W	2205
YIL077C	963
YIL076W	891
YIL075C	2838
YIL074C	1410
YIL073C	3018
YIL072W	1818
YIL071W-A	477
YIL071C	1335
YIL070C	801
YIL069C	817
YIL068W-A	384
YIL068C	2418
YIL067C	2037
YIL066W-A	444
YIL066C	2610
YIL065C	468
YIL064W	774
YIL063C	984
YIL062C	465
YIL061C	903
YIL060W	435
YIL059C	366
YIL058W	285
YIL057C	495
YIL056W	1923
YIL055C	1884
YIL054W	318
YIL053W	753
YIL052C	838
YIL051C	438
YIL050W	858
YIL049W	762
YIL048W	3456
YIL047C-A	369
YIL047C	2709
YIL046W-A	165
YIL046W	1923
YIL045W	1617
YIL044C	897
YIL043C	855
YIL042C	1185
YIL041W	981
YIL040W	417
YIL039W	1422
YIL038C	2511
YIL037C	1971
YIL036W	1764
YIL035C	1119
YIL034C	864
YIL033C	1251
YIL032C	357
YIL031W	3105
YIL030W-A	339
YIL030C	3960
YIL029W-A	372
YIL029C	429
YIL028W	399
YIL027C	426
YIL026C	3453
YIL025C	375
YIL024C	570
YIL023C	1041
YIL022W	1296
YIL021W	957
YIL021C-A	270
YIL020C-A	339
YIL020C	786
YIL019W	1041
YIL018W	1165
YIL017C	2766
YIL016W	480
YIL015W	1764
YIL014W	1893
YIL014C-A	315
YIL013C	4236
YIL012W	342
YIL011W	810
YIL010W	648
YIL009W	2085
YIL009C-A	547
YIL008W	300
YIL007C	663
YIL006W	1122
YIL005W	2106
YIL004C	560
YIL003W	882
YIL002W-A	210
YIL002C	2841
YIL001W	1542
YHR219W	1875
YHR219C-A	483
YHR218W-A	318
YHR218W	1911
YHR217C	462
YHR216W	1572
YHR215W	1404
YHR214W-A	486
YHR214W	612
YHR214C-E	300
YHR214C-D	294
YHR213W-B	300
YHR213W-A	234
YHR213W	597
YHR212W-A	204
YHR212C	336
YHR211W	3228
YHR210C	1026
YHR209W	876
YHR208W	1182
YHR207C	1581
YHR206W	1869
YHR205W	2475
YHR204W	2391
YHR203C	1055
YHR202W	1809
YHR201C	1194
YHR200W	807
YHR199C-A	289
YHR199C	933
YHR198C	966
YHR197W	2292
YHR196W	1728
YHR195W	966
YHR194W	1740
YHR193C-A	375
YHR193C	525
YHR192W	837
YHR191C	402
YHR190W	1335
YHR189W	573
YHR188C	1833
YHR187W	930
YHR186C	4674
YHR185C	714
YHR184W	1716
YHR183W	1470
YHR182W	2358
YHR182C-A	474
YHR181W	687
YHR180W-A	183
YHR180W	492
YHR180C-B	105
YHR179W	1203
YHR178W	2232
YHR177W	1362
YHR176W	1299
YHR175W-A	150
YHR175W	570
YHR174W	1314
YHR173C	339
YHR172W	2472
YHR171W	1893
YHR170W	1557
YHR169W	1296
YHR168W	1557
YHR167W	786
YHR166C	1881
YHR165W-A	312
YHR165C	7242
YHR164C	4569
YHR163W	750
YHR162W	390
YHR161C	1914
YHR160C	852
YHR159W	1515
YHR158C	3495
YHR157W	549
YHR156C	1023
YHR155W	3687
YHR154W	3213
YHR153C	597
YHR152W	522
YHR151C	1581
YHR150W	1740
YHR149C	2205
YHR148W	552
YHR147C	645
YHR146W	1398
YHR145C	357
YHR144C	939
YHR143W-A	213
YHR143W	978
YHR142W	951
YHR141C	762
YHR140W	720
YHR139C-A	312
YHR139C	981
YHR138C	345
YHR137W	1542
YHR137C-A	651
YHR136C	447
YHR135C	1617
YHR134W	810
YHR133C	876
YHR132W-A	396
YHR132C	1293
YHR131W-A	246
YHR131C	2553
YHR130C	336
YHR129C	1155
YHR128W	651
YHR127W	732
YHR126C	480
YHR125W	306
YHR124W	1884
YHR123W	1267
YHR122W	696
YHR121W	564
YHR120W	2880
YHR119W	3243
YHR118C	1308
YHR117W	1920
YHR116W	456
YHR115C	1251
YHR114W	1902
YHR113W	1473
YHR112C	1137
YHR111W	1323
YHR110W	639
YHR109W	1758
YHR108W	1758
YHR107C	1224
YHR106W	1029
YHR105W	645
YHR104W	984
YHR103W	2559
YHR102W	3243
YHR101C	1095
YHR100C	558
YHR099W	11235
YHR098C	2790
YHR097C	1225
YHR096C	1779
YHR095W	495
YHR094C	1713
YHR093W	549
YHR092C	1731
YHR091C	1932
YHR090C	849
YHR089C	618
YHR088W	888
YHR087W	336
YHR086W-A	162
YHR086W	1572
YHR085W	1005
YHR084W	2067
YHR083W	990
YHR082C	3090
YHR081W	555
YHR080C	4038
YHR079C-A	362
YHR079C	3348
YHR078W	1659
YHR077C	3383
YHR076W	1125
YHR075C	1203
YHR074W	2145
YHR073W-A	177
YHR073W	2991
YHR073C-B	81
YHR072W-A	177
YHR072W	2196
YHR071W	690
YHR071C-A	321
YHR070W	1500
YHR070C-A	411
YHR069C-A	363
YHR069C	1080
YHR068W	1164
YHR067W	843
YHR066W	1362
YHR065C	1506
YHR064C	1617
YHR063W-A	336
YHR063C	1140
YHR062C	882
YHR061C	945
YHR060W	546
YHR059W	393
YHR058C	888
YHR057C	618
YHR056W-A	435
YHR056C	2652
YHR055C	186
YHR054W-A	195
YHR054C-B	174
YHR054C	1065
YHR053C	186
YHR052W-A	195
YHR052W	1131
YHR052C-B	174
YHR051W	447
YHR050W-A	171
YHR050W	1650
YHR049W	732
YHR049C-A	297
YHR048W	1545
YHR047C	2571
YHR046C	888
YHR045W	1683
YHR044C	741
YHR043C	741
YHR042W	2076
YHR041C	734
YHR040W	1101
YHR039C-A	507
YHR039C	1935
YHR038W	693
YHR037W	1728
YHR036W	1416
YHR035W	1893
YHR034C	1035
YHR033W	1272
YHR032W-A	180
YHR032W	1746
YHR032C-A	120
YHR031C	2172
YHR030C	1455
YHR029C	885
YHR028W-A	321
YHR028C	2457
YHR027C	2982
YHR026W	642
YHR025W	1074
YHR024C	1449
YHR023W	5787
YHR022C-A	90
YHR022C	771
YHR021W-A	456
YHR021C	799
YHR020W	2067
YHR019C	1665
YHR018C	1392
YHR017W	1158
YHR016C	1575
YHR015W	1980
YHR014W	876
YHR013C	717
YHR012W	968
YHR011W	1341
YHR010W	972
YHR009C	1572
YHR008C	702
YHR007C-A	216
YHR007C	1593
YHR006W	1626
YHR005C-A	282
YHR005C	1419
YHR004C	1341
YHR003C	1290
YHR002W	1074
YHR001W-A	297
YHR001W	1314
YHL050W-A	483
YHL050C	2867
YHL049C	816
YHL048W	1146
YHL048C-A	135
YHL047C	1863
YHL046W-A	327
YHL046C	363
YHL045W	348
YHL044W	708
YHL043W	513
YHL042W	453
YHL041W	450
YHL040C	1884
YHL039W	1758
YHL038C	1893
YHL037C	402
YHL036W	1641
YHL035C	4779
YHL034W-A	462
YHL034C	885
YHL033C	771
YHL032C	2130
YHL031C	672
YHL030W-A	462
YHL030W	5607
YHL029C	2040
YHL028W	1818
YHL027W	1878
YHL026C	948
YHL025W	999
YHL024W	2142
YHL023C	3441
YHL022C	1197
YHL021C	1398
YHL020C	1215
YHL019W-A	594
YHL019C	1818
YHL018W	363
YHL017W	1599
YHL016C	2208
YHL015W-A	84
YHL015W	366
YHL014C	1218
YHL013C	924
YHL012W	1482
YHL011C	963
YHL010C	1758
YHL009C	993
YHL008C	1884
YHL007C	2820
YHL006W-A	354
YHL006C	453
YHL005C	393
YHL004W	1185
YHL003C	1236
YHL002W	1359
YHL002C-A	489
YHL001W	815
YGR296W	5728
YGR296C-B	483
YGR296C-A	576
YGR295C	1146
YGR294W	363
YGR293C	462
YGR292W	1755
YGR291C	222
YGR290W	444
YGR289C	1851
YGR288W	1422
YGR287C	1770
YGR286C	1128
YGR285C	1302
YGR284C	933
YGR283C	1026
YGR282C	942
YGR281W	4434
YGR280C	816
YGR279C	1161
YGR278W	1734
YGR277C	918
YGR276C	1662
YGR275W	474
YGR274C	3201
YGR273C	525
YGR272C	459
YGR271W	5904
YGR271C-A	702
YGR270W	4140
YGR270C-A	219
YGR269W	327
YGR268C	597
YGR267C	732
YGR266W	2106
YGR265W	411
YGR264C	2256
YGR263C	1275
YGR262C	786
YGR261C	2430
YGR260W	1605
YGR259C	441
YGR258C	3096
YGR257C	1101
YGR256W	1479
YGR255C	1440
YGR254W	1314
YGR253C	783
YGR252W	1320
YGR251W	591
YGR250C	2346
YGR249W	1371
YGR248W	768
YGR247W	720
YGR246C	1791
YGR245C	2304
YGR244C	1284
YGR243W	441
YGR242W	309
YGR241C	1707
YGR240C-A	201
YGR240C	2964
YGR239C	867
YGR238C	2649
YGR237C	2358
YGR236C	288
YGR235C	702
YGR234W	1200
YGR233C	3537
YGR232W	687
YGR231C	933
YGR230W	414
YGR229C	1518
YGR228W	345
YGR227W	1578
YGR227C-A	174
YGR226C	210
YGR225W	1875
YGR224W	1842
YGR223C	1347
YGR222W	882
YGR221C	1869
YGR220C	810
YGR219W	342
YGR218W	3255
YGR217W	6120
YGR216C	1830
YGR215W	333
YGR214W	1214
YGR213C	954
YGR212W	1407
YGR211W	1461
YGR210C	1236
YGR209C	315
YGR208W	930
YGR207C	786
YGR206W	306
YGR205W	873
YGR204W	2841
YGR204C-A	114
YGR203W	447
YGR202C	1275
YGR201C	678
YGR200C	2367
YGR199W	2280
YGR198W	2454
YGR197C	1644
YGR196C	2454
YGR195W	741
YGR194C	1803
YGR193C	1233
YGR192C	999
YGR191W	1812
YGR190C	366
YGR189C	1524
YGR188C	3066
YGR187C	1185
YGR186W	2208
YGR185C	1185
YGR184C	5853
YGR183C	414
YGR182C	354
YGR181W	318
YGR180C	1038
YGR179C	1221
YGR178C	2169
YGR177C	1608
YGR176W	348
YGR175C	1491
YGR174W-A	87
YGR174C	513
YGR173W	1107
YGR172C	747
YGR171C	1728
YGR170W	3417
YGR169C-A	279
YGR169C	1215
YGR168C	1131
YGR167W	702
YGR166W	1683
YGR165W	1038
YGR164W	336
YGR163W	1026
YGR162W	2859
YGR161W-C	279
YGR161C	792
YGR160W	612
YGR159C	1245
YGR158C	753
YGR157W	2610
YGR156W	1278
YGR155W	1524
YGR154C	1071
YGR153W	654
YGR152C	819
YGR151C	336
YGR150C	2595
YGR149W	1299
YGR148C	468
YGR147C	867
YGR146C-A	162
YGR146C	636
YGR145W	2124
YGR144W	981
YGR143W	2316
YGR142W	1233
YGR141W	1404
YGR140W	2871
YGR139W	339
YGR138C	1845
YGR137W	375
YGR136W	726
YGR135W	777
YGR134W	3369
YGR133W	552
YGR132C	864
YGR131W	525
YGR130C	2451
YGR129W	648
YGR128C	2142
YGR127W	939
YGR126W	693
YGR125W	3111
YGR124W	1719
YGR123C	1542
YGR122W	1209
YGR122C-A	129
YGR121W-A	216
YGR121C	1479
YGR120C	789
YGR119C	1626
YGR118W	757
YGR117C	1431
YGR116W	4356
YGR115C	780
YGR114C	390
YGR113W	1032
YGR112W	1170
YGR111W	1203
YGR110W	1338
YGR109C	1143
YGR108W	1416
YGR107W	450
YGR106C	798
YGR105W	234
YGR104C	924
YGR103W	1818
YGR102C	552
YGR101W	1041
YGR100W	2853
YGR099W	2067
YGR098C	4893
YGR097W	3441
YGR096W	945
YGR095C	672
YGR094W	3315
YGR093W	1524
YGR092W	1719
YGR091W	1485
YGR090W	3714
YGR089W	2811
YGR088W	1689
YGR087C	1692
YGR086C	1020
YGR085C	525
YGR084C	1020
YGR083C	1956
YGR082W	552
YGR081C	633
YGR080W	999
YGR079W	1113
YGR078C	600
YGR077C	1770
YGR076C	474
YGR075C	729
YGR074W	441
YGR073C	372
YGR072W	1164
YGR071C	2583
YGR070W	3468
YGR069W	336
YGR068W-A	96
YGR068C	1761
YGR067C	2415
YGR066C	879
YGR065C	1782
YGR064W	369
YGR063C	309
YGR062C	951
YGR061C	4077
YGR060W	930
YGR059W	1539
YGR058W	1008
YGR057C	729
YGR056W	2787
YGR055W	1725
YGR054W	1929
YGR053C	852
YGR052W	1110
YGR051C	324
YGR050C	357
YGR049W	564
YGR048W	1086
YGR047C	3078
YGR046W	1158
YGR045C	363
YGR044C	903
YGR043C	1002
YGR042W	816
YGR041W	1644
YGR040W	1107
YGR039W	312
YGR038W	669
YGR037C	264
YGR036C	720
YGR035W-A	222
YGR035C	351
YGR034W	861
YGR033C	720
YGR032W	5688
YGR031W	1029
YGR031C-A	492
YGR030C	477
YGR029W	653
YGR028W	1089
YGR027C	327
YGR026W	837
YGR025W	303
YGR024C	714
YGR023W	1656
YGR022C	330
YGR021W	873
YGR020C	357
YGR019W	1416
YGR018C	330
YGR017W	894
YGR016W	573
YGR015C	987
YGR014W	3921
YGR013W	1863
YGR012W	1182
YGR011W	327
YGR010W	1188
YGR009C	1956
YGR008C	255
YGR007W	972
YGR006W	756
YGR005C	1203
YGR004W	1389
YGR003W	2235
YGR002C	1431
YGR001C	902
YGL263W	1143
YGL262W	528
YGL261C	363
YGL260W	231
YGL259W	498
YGL258W-A	234
YGL258W	621
YGL257C	1677
YGL256W	1149
YGL255W	1131
YGL254W	900
YGL253W	1461
YGL252C	1767
YGL251C	3716
YGL250W	726
YGL249W	2115
YGL248W	1110
YGL247W	594
YGL246C	1164
YGL245W	2127
YGL244W	1677
YGL243W	1203
YGL242C	546
YGL241W	3015
YGL240W	753
YGL239C	315
YGL238W	2883
YGL237C	798
YGL236C	2010
YGL235W	537
YGL234W	2409
YGL233W	2733
YGL232W	928
YGL231C	573
YGL230C	444
YGL229C	2457
YGL228W	1734
YGL227W	2877
YGL226W	372
YGL226C-A	410
YGL225W	1014
YGL224C	843
YGL223C	1254
YGL222C	528
YGL221C	867
YGL220W	363
YGL219C	1380
YGL218W	651
YGL217C	342
YGL216W	2418
YGL215W	1359
YGL214W	486
YGL213C	1194
YGL212W	951
YGL211W	1080
YGL210W-A	231
YGL210W	669
YGL209W	1149
YGL208W	1248
YGL207W	3108
YGL206C	4962
YGL205W	2247
YGL204C	306
YGL203C	2190
YGL202W	1503
YGL201C	3054
YGL200C	612
YGL199C	471
YGL198W	708
YGL197W	4464
YGL196W	1287
YGL195W	8019
YGL194C-A	243
YGL194C	1359
YGL193C	312
YGL192W	1803
YGL191W	390
YGL190C	1581
YGL189C	360
YGL188C-A	141
YGL188C	174
YGL187C	468
YGL186C	1740
YGL185C	1140
YGL184C	1398
YGL183C	743
YGL182C	324
YGL181W	1191
YGL180W	2694
YGL179C	1683
YGL178W	3220
YGL177W	348
YGL176C	1665
YGL175C	1038
YGL174W	801
YGL173C	4587
YGL172W	1419
YGL171W	1695
YGL170C	1242
YGL169W	1281
YGL168W	333
YGL167C	2853
YGL166W	678
YGL165C	579
YGL164C	1323
YGL163C	2697
YGL162W	900
YGL161C	933
YGL160W	1713
YGL159W	1113
YGL158W	1539
YGL157W	1044
YGL156W	3252
YGL155W	1131
YGL154C	819
YGL153W	1026
YGL152C	678
YGL151W	3399
YGL150C	4470
YGL149W	306
YGL148W	1131
YGL147C	576
YGL146C	936
YGL145W	2106
YGL144C	2058
YGL143C	1242
YGL142C	1851
YGL141W	2733
YGL140C	3660
YGL139W	2409
YGL138C	1038
YGL137W	2870
YGL136C	963
YGL135W	654
YGL134W	1302
YGL133W	3795
YGL132W	336
YGL131C	4212
YGL130W	1380
YGL129C	1353
YGL128C	852
YGL127C	384
YGL126W	1143
YGL125W	1803
YGL124C	1935
YGL123W	765
YGL123C-A	231
YGL122C	1578
YGL121C	381
YGL120C	2304
YGL119W	1506
YGL118C	438
YGL117W	798
YGL116W	1833
YGL115W	969
YGL114W	2178
YGL113W	2007
YGL112C	1551
YGL111W	1392
YGL110C	1875
YGL109W	324
YGL108C	423
YGL107C	1941
YGL106W	450
YGL105W	1131
YGL104C	1461
YGL103W	961
YGL102C	429
YGL101W	648
YGL100W	1050
YGL099W	1923
YGL098W	738
YGL097W	1449
YGL096W	831
YGL095C	1734
YGL094C	3348
YGL093W	2754
YGL092W	3954
YGL091C	987
YGL090W	1266
YGL089C	363
YGL088W	366
YGL087C	499
YGL086W	2250
YGL085W	825
YGL084C	1683
YGL083W	2415
YGL082W	1146
YGL081W	963
YGL080W	393
YGL079W	657
YGL078C	1572
YGL077C	1692
YGL076C	1662
YGL075C	1164
YGL074C	327
YGL073W	2502
YGL072C	360
YGL071W	2073
YGL070C	369
YGL069C	465
YGL068W	585
YGL067W	1155
YGL066W	1974
YGL065C	1512
YGL064C	1686
YGL063W	1113
YGL063C-A	150
YGL062W	3537
YGL061C	744
YGL060W	1926
YGL059W	1476
YGL058W	519
YGL057C	864
YGL056C	1584
YGL055W	1533
YGL054C	417
YGL053W	714
YGL052W	306
YGL051W	705
YGL050W	822
YGL049C	2745
YGL048C	1218
YGL047W	609
YGL046W	789
YGL045W	1629
YGL044C	891
YGL043W	930
YGL042C	306
YGL041W-A	465
YGL041C-B	183
YGL041C	204
YGL040C	1029
YGL039W	1047
YGL038C	1443
YGL037C	651
YGL036W	2730
YGL035C	1515
YGL034C	366
YGL033W	777
YGL032C	264
YGL031C	468
YGL030W	548
YGL029W	363
YGL028C	1629
YGL027C	2502
YGL026C	2124
YGL025C	1194
YGL024W	336
YGL023C	1908
YGL022W	2157
YGL021W	2283
YGL020C	708
YGL019W	837
YGL018C	555
YGL017W	1512
YGL016W	3246
YGL015C	393
YGL014W	2667
YGL014C-A	162
YGL013C	3207
YGL012W	1422
YGL011C	759
YGL010W	525
YGL009C	2340
YGL008C	2757
YGL007W	378
YGL007C-A	87
YGL006W-A	111
YGL006W	3522
YGL005C	840
YGL004C	1254
YGL003C	1701
YGL002W	651
YGL001C	1050
YFR057W	456
YFR056C	369
YFR055W	1023
YFR054C	579
YFR053C	1458
YFR052W	825
YFR052C-A	306
YFR051C	1641
YFR050C	801
YFR049W	372
YFR048W	1989
YFR047C	888
YFR046C	1086
YFR045W	1002
YFR044C	1446
YFR043C	714
YFR042W	603
YFR041C	888
YFR040W	3009
YFR039C	1533
YFR038W	2562
YFR037C	1674
YFR036W-A	651
YFR036W	375
YFR035C	345
YFR034W-A	288
YFR034C	939
YFR033C	444
YFR032C-B	264
YFR032C-A	180
YFR032C	870
YFR031C-A	912
YFR031C	3513
YFR030W	3108
YFR029W	2037
YFR028C	1656
YFR027W	846
YFR026C	510
YFR025C	1008
YFR024C-A	1474
YFR024C	1122
YFR023W	1836
YFR022W	2202
YFR021W	1503
YFR020W	699
YFR019W	6837
YFR018C	1092
YFR017C	588
YFR016C	3702
YFR015C	2127
YFR014C	1341
YFR013W	2364
YFR012W-A	87
YFR012W	609
YFR011C	513
YFR010W-A	189
YFR010W	1500
YFR009W-A	258
YFR009W	2259
YFR008W	666
YFR007W	1062
YFR006W	1608
YFR005C	1347
YFR004W	921
YFR003C	468
YFR002W	2520
YFR001W	615
YFL068W	483
YFL067W	528
YFL066C	1179
YFL065C	309
YFL064C	525
YFL063W	456
YFL062W	1140
YFL061W	678
YFL060C	669
YFL059W	897
YFL058W	1023
YFL057C	459
YFL055W	1677
YFL054C	1941
YFL053W	1776
YFL052W	1398
YFL051C	483
YFL050C	2577
YFL049W	1872
YFL048C	1338
YFL047W	2145
YFL046W	624
YFL045C	765
YFL044C	906
YFL043C	438
YFL042C	2025
YFL041W-A	192
YFL041W	1869
YFL040W	1623
YFL039C	1437
YFL038C	621
YFL037W	1374
YFL036W	4056
YFL034W	3222
YFL034C-B	978
YFL034C-A	690
YFL033C	5313
YFL032W	321
YFL031W	969
YFL031C-A	102
YFL030W	1158
YFL029C	1107
YFL028C	870
YFL027C	1494
YFL026W	1296
YFL025C	3090
YFL024C	2499
YFL023W	2391
YFL022C	1512
YFL021W	1533
YFL021C-A	855
YFL020C	369
YFL019C	354
YFL018C	1500
YFL017W-A	234
YFL017C	480
YFL016C	1536
YFL015W-A	318
YFL015C	495
YFL014W	330
YFL013W-A	804
YFL013C	2079
YFL012W-A	375
YFL012W	447
YFL011W	1641
YFL010W-A	285
YFL010C	636
YFL009W	2340
YFL008W	3678
YFL007W	6432
YFL006W	765
YFL005W	648
YFL004W	2487
YFL003C	2637
YFL002C	1821
YFL001W	1329
YER190W	5046
YER190C-B	483
YER190C-A	576
YER189W	369
YER188W	720
YER188C-A	300
YER187W	426
YER186W-A	594
YER186C	921
YER185W	912
YER184C	2385
YER183C	636
YER182W	735
YER181C	324
YER180C-A	258
YER180C	804
YER179W	1097
YER178W	1263
YER177W	804
YER176W	3366
YER175W-A	165
YER175C	900
YER174C	735
YER173W	1980
YER172C-A	381
YER172C	6492
YER171W	2337
YER170W	678
YER169W	2391
YER168C	1641
YER167W	2556
YER166W	4716
YER165W	1734
YER165C-A	357
YER164W	4407
YER163C	699
YER162C	2265
YER161C	1002
YER159C	429
YER158W-A	216
YER158C	1722
YER157W	2406
YER156C	1017
YER155C	6504
YER154W	1209
YER153C	765
YER152W-A	567
YER152C	1332
YER151C	2739
YER150W	447
YER149C	1263
YER148W-A	579
YER148W	723
YER147C-A	411
YER147C	1875
YER146W	282
YER145C-A	438
YER145C	1215
YER144C	2418
YER143W	1287
YER142C	891
YER141W	1461
YER140W	1671
YER139C	681
YER138W-A	105
YER137W-A	306
YER137C	447
YER136W	1356
YER135C	393
YER134C	537
YER133W-A	342
YER133W	1464
YER132C	5262
YER131W	360
YER130C	1332
YER129W	3429
YER128W	612
YER127W	1074
YER126C	786
YER125W	2430
YER124C	1722
YER123W	1575
YER122C	1482
YER121W	345
YER120W	735
YER119C-A	372
YER119C	1347
YER118C	1104
YER117W	885
YER116C	825
YER115C	576
YER114C	3123
YER113C	2121
YER112W	564
YER111C	3282
YER110C	3342
YER108C	1785
YER107W-A	321
YER107C	1098
YER106W	909
YER105C	4176
YER104W	627
YER103W	1929
YER102W	603
YER101C	1293
YER100W	753
YER099C	957
YER098W	2265
YER097W	330
YER096W	1539
YER095W	1203
YER094C	618
YER093C-A	489
YER093C	4293
YER092W	378
YER091C-A	222
YER091C	2304
YER090W	1524
YER090C-A	90
YER089C	1395
YER088W-B	147
YER088C-A	324
YER088C	2013
YER087W	1731
YER087C-B	249
YER087C-A	552
YER086W	1731
YER085C	522
YER084W-A	513
YER084W	387
YER083C	858
YER082C	1665
YER081W	1410
YER080W	1884
YER079W	633
YER079C-A	339
YER078W-A	165
YER078C	1536
YER077C	2067
YER076W-A	348
YER076C	909
YER075C	2787
YER074W-A	471
YER074W	874
YER073W	1563
YER072W	390
YER071C	381
YER070W	2667
YER069W	2592
YER068W	1764
YER068C-A	432
YER067W	486
YER067C-A	324
YER066W	558
YER066C-A	501
YER065C	1674
YER064C	1518
YER063W	657
YER062C	753
YER061C	1329
YER060W-A	1593
YER060W	1587
YER059W	1263
YER058W	324
YER057C	390
YER056C-A	763
YER056C	1602
YER055C	894
YER054C	1647
YER053C-A	114
YER053C	903
YER052C	1584
YER051W	1479
YER050C	417
YER049W	1935
YER048W-A	285
YER048C	1176
YER047C	2694
YER046W-A	330
YER046W	432
YER045C	1470
YER044C-A	1315
YER044C	447
YER043C	1350
YER042W	555
YER041W	2280
YER040W	2193
YER039C-A	219
YER039C	750
YER038W-A	381
YER038C	1395
YER037W	966
YER036C	1833
YER035W	438
YER034W	558
YER033C	3231
YER032W	2631
YER031C	672
YER030W	462
YER029C	591
YER028C	1185
YER027C	1254
YER026C	831
YER025W	1584
YER024W	2772
YER023W	861
YER023C-A	213
YER022W	2064
YER021W	1572
YER020W	1350
YER019W	1434
YER019C-A	267
YER018C	666
YER017C	2286
YER016W	1035
YER015W	2235
YER014W	1620
YER014C-A	970
YER013W	3438
YER012W	597
YER011W	765
YER010C	705
YER009W	378
YER008C	4011
YER007W	1557
YER007C-A	649
YER006W	1563
YER006C-A	318
YER005W	1893
YER004W	696
YER003C	1383
YER002W	696
YER001W	2289
YEL077W-A	483
YEL077C	3834
YEL076C-A	930
YEL076C	651
YEL075W-A	612
YEL075C	369
YEL074W	339
YEL073C	324
YEL072W	696
YEL071W	1491
YEL070W	1509
YEL069C	1695
YEL068C	333
YEL067C	588
YEL066W	486
YEL065W	1887
YEL064C	1443
YEL063C	1773
YEL062W	1848
YEL061C	3003
YEL060C	1908
YEL059W	309
YEL059C-A	225
YEL058W	1674
YEL057C	702
YEL056W	1206
YEL055C	3069
YEL054C	498
YEL053W-A	348
YEL053C	2202
YEL052W	1530
YEL051W	771
YEL050W-A	192
YEL050C	1182
YEL049W	363
YEL048C	459
YEL047C	1413
YEL046C	1164
YEL045C	426
YEL044W	501
YEL043W	2871
YEL042W	1557
YEL041W	1488
YEL040W	1404
YEL039C	342
YEL038W	684
YEL037C	1197
YEL036C	1503
YEL035C	501
YEL034W	474
YEL034C-A	603
YEL033W	420
YEL032W	2916
YEL032C-A	162
YEL031W	3648
YEL030W	1935
YEL030C-A	315
YEL029C	939
YEL028W	462
YEL027W	483
YEL026W	381
YEL025C	3567
YEL024W	648
YEL023C	2049
YEL022W	4380
YEL021W	804
YEL020W-A	264
YEL020C-B	198
YEL020C	1683
YEL019C	804
YEL018W	840
YEL018C-A	534
YEL017W	1014
YEL017C-A	132
YEL016C	1482
YEL015W	1656
YEL014C	306
YEL013W	1737
YEL012W	780
YEL011W	2115
YEL010W	351
YEL009C-A	408
YEL009C	846
YEL008W	381
YEL008C-A	93
YEL007W	2001
YEL006W	1008
YEL005C	849
YEL004W	1029
YEL003W	424
YEL002C	1293
YEL001C	678
YDR545W	5391
YDR545C-A	480
YDR544C	429
YDR543C	300
YDR542W	363
YDR541C	1035
YDR540C	540
YDR539W	1512
YDR538W	729
YDR537C	606
YDR536W	1710
YDR535C	757
YDR534C	1587
YDR533C	714
YDR532C	1158
YDR531W	1104
YDR530C	978
YDR529C	384
YDR528W	1272
YDR527W	1320
YDR526C	471
YDR525W-A	240
YDR525W	330
YDR524W-C	90
YDR524C-B	201
YDR524C-A	120
YDR524C	1449
YDR523C	1473
YDR522C	1509
YDR521W	336
YDR520C	2319
YDR519W	408
YDR518W	1554
YDR517W	1119
YDR516C	1503
YDR515W	1344
YDR514C	1452
YDR513W	432
YDR512C	564
YDR511W	402
YDR510W	306
YDR510C-A	117
YDR509W	348
YDR508C	1992
YDR507C	3429
YDR506C	1827
YDR505C	2526
YDR504C	384
YDR503C	825
YDR502C	1155
YDR501W	1566
YDR500C	656
YDR499W	2244
YDR498C	1152
YDR497C	1755
YDR496C	1971
YDR495C	3036
YDR494W	1086
YDR493W	372
YDR492W	951
YDR491C	492
YDR490C	2301
YDR489W	885
YDR488C	1602
YDR487C	627
YDR486C	690
YDR485C	2388
YDR484W	1926
YDR483W	1329
YDR482C	408
YDR481C	1701
YDR480W	972
YDR479C	1665
YDR478W	597
YDR477W	1902
YDR476C	675
YDR475C	2631
YDR474C	1668
YDR473C	1410
YDR472W	852
YDR471W	795
YDR470C	1509
YDR469W	528
YDR468C	675
YDR467C	327
YDR466W	2697
YDR465C	1239
YDR464W	4308
YDR464C-A	189
YDR463W	1560
YDR462W	444
YDR461W	111
YDR461C-A	243
YDR460W	966
YDR459C	1125
YDR458C	1992
YDR457W	9807
YDR456W	1902
YDR455C	309
YDR454C	564
YDR453C	591
YDR452W	2025
YDR451C	1062
YDR450W	876
YDR449C	1323
YDR448W	1305
YDR447C	725
YDR446W	909
YDR445C	408
YDR444W	2064
YDR443C	4263
YDR442W	393
YDR441C	546
YDR440W	1749
YDR439W	1044
YDR438W	1113
YDR437W	423
YDR436W	2133
YDR435C	987
YDR434W	1605
YDR433W	441
YDR432W	1245
YDR431W	312
YDR430C	2970
YDR429C	825
YDR428C	786
YDR427W	1182
YDR426C	378
YDR425W	1878
YDR424C	455
YDR423C	1230
YDR422C	2448
YDR421W	2853
YDR420W	5409
YDR419W	1899
YDR418W	498
YDR417C	372
YDR416W	2580
YDR415C	1125
YDR414C	1089
YDR413C	576
YDR412W	708
YDR411C	1026
YDR410C	720
YDR409W	2715
YDR408C	645
YDR407C	3870
YDR406W-A	246
YDR406W	4590
YDR405W	792
YDR404C	516
YDR403W	1611
YDR402C	1470
YDR401W	564
YDR400W	1023
YDR399W	666
YDR398W	1932
YDR397C	533
YDR396W	501
YDR395W	2835
YDR394W	1287
YDR393W	1371
YDR392W	1014
YDR391C	699
YDR390C	1911
YDR389W	1965
YDR388W	1449
YDR387C	1668
YDR386W	1899
YDR385W	2529
YDR384C	828
YDR383C	717
YDR382W	333
YDR381W	1447
YDR381C-A	539
YDR380W	1908
YDR379W	3030
YDR379C-A	240
YDR378C	261
YDR377W	306
YDR376W	1482
YDR375C	1371
YDR374W-A	270
YDR374C	921
YDR373W	573
YDR372C	1038
YDR371W	1536
YDR371C-A	105
YDR370C	1329
YDR369C	2565
YDR368W	939
YDR367W	767
YDR366C	399
YDR365C	1887
YDR364C	1368
YDR363W-A	270
YDR363W	1371
YDR362C	2019
YDR361C	852
YDR360W	435
YDR359C	2949
YDR358W	1674
YDR357C	369
YDR356W	2835
YDR355C	303
YDR354W	1143
YDR354C-A	144
YDR353W	960
YDR352W	954
YDR351W	2595
YDR350C	2055
YDR349C	1791
YDR348C	1500
YDR347W	966
YDR346C	1446
YDR345C	1704
YDR344C	444
YDR343C	1713
YDR342C	1713
YDR341C	1824
YDR340W	303
YDR339C	570
YDR338C	2088
YDR337W	861
YDR336W	945
YDR335W	3675
YDR334W	4545
YDR333C	2172
YDR332W	2070
YDR331W	1236
YDR330W	1503
YDR329C	1326
YDR328C	585
YDR327W	327
YDR326C	4317
YDR325W	3108
YDR324C	2331
YDR323C	1548
YDR322W	1104
YDR322C-A	291
YDR321W	1146
YDR320W-B	138
YDR320C-A	219
YDR320C	2007
YDR319C	825
YDR318W	1190
YDR317W	1245
YDR316W	1416
YDR315C	846
YDR314C	2079
YDR313C	861
YDR312W	1362
YDR311W	1929
YDR310C	3189
YDR309C	1152
YDR308C	423
YDR307W	1989
YDR306C	1437
YDR305C	743
YDR304C	678
YDR303C	2658
YDR302W	660
YDR301W	4074
YDR300C	1287
YDR299W	1605
YDR298C	639
YDR297W	1050
YDR296W	681
YDR295C	2025
YDR294C	1770
YDR293C	3753
YDR292C	1866
YDR291W	3234
YDR290W	330
YDR289C	1230
YDR288W	912
YDR287W	879
YDR286C	345
YDR285W	2628
YDR284C	870
YDR283C	4980
YDR282C	1245
YDR281C	315
YDR280W	918
YDR279W	1053
YDR278C	318
YDR277C	1302
YDR276C	168
YDR275W	708
YDR274C	372
YDR273W	1098
YDR272W	825
YDR271C	372
YDR270W	3015
YDR269C	324
YDR268W	1140
YDR267C	993
YDR266C	1920
YDR265W	1014
YDR264C	2295
YDR263C	1293
YDR262W	819
YDR261C	1689
YDR260C	513
YDR259C	1152
YDR258C	2436
YDR257C	1485
YDR256C	1548
YDR255C	1266
YDR254W	1377
YDR253C	576
YDR252W	450
YDR251W	2493
YDR250C	276
YDR249C	1122
YDR248C	582
YDR247W	1386
YDR246W-A	201
YDR246W	660
YDR245W	1182
YDR244W	1839
YDR243C	1767
YDR242W	1650
YDR241W	288
YDR240C	1479
YDR239C	2364
YDR238C	2922
YDR237W	879
YDR236C	657
YDR235W	1635
YDR234W	2082
YDR233C	888
YDR232W	1647
YDR231C	618
YDR230W	348
YDR229W	1362
YDR228C	1881
YDR227W	4077
YDR226W	669
YDR225W	399
YDR224C	396
YDR223W	1404
YDR222W	1248
YDR221W	2109
YDR220C	294
YDR219C	1398
YDR218C	1272
YDR217C	3930
YDR216W	3972
YDR215C	414
YDR214W	1053
YDR213W	2742
YDR212W	1680
YDR211W	2139
YDR210W	228
YDR209C	414
YDR208W	2340
YDR207C	2511
YDR206W	2655
YDR205W	2175
YDR204W	1008
YDR203W	318
YDR202C	1056
YDR201W	498
YDR200C	1815
YDR199W	366
YDR198C	1440
YDR197W	1170
YDR196C	726
YDR195W	1602
YDR194W-A	153
YDR194C	1995
YDR193W	399
YDR192C	1293
YDR191W	1113
YDR190C	1392
YDR189W	2001
YDR188W	1641
YDR187C	519
YDR186C	2634
YDR185C	540
YDR184C	885
YDR183W	693
YDR183C-A	258
YDR182W-A	204
YDR182W	1476
YDR181C	1446
YDR180W	4482
YDR179W-A	1392
YDR179C	489
YDR178W	546
YDR177W	648
YDR176W	2109
YDR175C	960
YDR174W	741
YDR173C	1068
YDR172W	2058
YDR171W	1128
YDR170C	6030
YDR169C-A	150
YDR169C	1542
YDR168W	1521
YDR167W	621
YDR166C	2916
YDR165W	1335
YDR164C	2175
YDR163W	528
YDR162C	711
YDR161W	1164
YDR160W	2559
YDR159W	3906
YDR158W	1098
YDR157W	402
YDR156W	414
YDR155C	489
YDR154C	351
YDR153C	1236
YDR152W	798
YDR151C	978
YDR150W	8247
YDR149C	708
YDR148C	1392
YDR147W	1605
YDR146C	2130
YDR145W	1620
YDR144C	1791
YDR143C	1833
YDR142C	1128
YDR141C	5097
YDR140W	666
YDR139C	307
YDR138W	2259
YDR137W	1992
YDR136C	573
YDR135C	4548
YDR133C	336
YDR132C	1488
YDR131C	1671
YDR130C	876
YDR129C	2040
YDR128W	3447
YDR127W	4767
YDR126W	1011
YDR125C	1362
YDR124W	975
YDR123C	915
YDR122W	3195
YDR121W	591
YDR120C	1713
YDR119W-A	201
YDR119W	2307
YDR118W-A	117
YDR118W	1959
YDR117C	1698
YDR116C	858
YDR115W	318
YDR114C	303
YDR113C	1122
YDR112W	309
YDR111C	1524
YDR110W	1701
YDR109C	2148
YDR108W	2097
YDR107C	2019
YDR106W	855
YDR105C	1422
YDR104C	3738
YDR103W	2754
YDR102C	333
YDR101C	1782
YDR100W	432
YDR099W	822
YDR098C	753
YDR097C	3729
YDR096W	2685
YDR095C	411
YDR094W	336
YDR093W	4839
YDR092W	730
YDR091C	1827
YDR090C	933
YDR089W	2610
YDR088C	1149
YDR087C	837
YDR086C	243
YDR085C	1863
YDR084C	600
YDR083W	1179
YDR082W	1485
YDR081C	2778
YDR080W	2979
YDR079W	336
YDR079C-A	219
YDR078C	672
YDR077W	1017
YDR076W	1221
YDR075W	927
YDR074W	2691
YDR073W	510
YDR072C	1584
YDR071C	576
YDR070C	282
YDR069C	2781
YDR068W	933
YDR067C	675
YDR066C	591
YDR065W	1098
YDR064W	995
YDR063W	450
YDR062W	1686
YDR061W	1620
YDR060W	3078
YDR059C	537
YDR058C	981
YDR057W	1629
YDR056C	618
YDR055W	1335
YDR054C	888
YDR053W	396
YDR052C	2115
YDR051C	1005
YDR050C	747
YDR049W	1899
YDR048C	315
YDR047W	1089
YDR046C	1815
YDR045C	333
YDR044W	987
YDR043C	696
YDR042C	603
YDR041W	612
YDR040C	3276
YDR039C	3276
YDR038C	3276
YDR037W	1776
YDR036C	1503
YDR035W	1113
YDR034W-B	156
YDR034C-A	177
YDR034C	2373
YDR033W	963
YDR032C	597
YDR031W	366
YDR030C	1521
YDR029W	315
YDR028C	3045
YDR027C	2670
YDR026C	1713
YDR025W	810
YDR024W	486
YDR023W	1389
YDR022C	591
YDR021W	1200
YDR020C	699
YDR019C	1203
YDR018C	1191
YDR017C	3153
YDR016C	285
YDR015C	240
YDR014W-A	489
YDR014W	1944
YDR013W	627
YDR012W	1089
YDR011W	4506
YDR010C	333
YDR009W	1563
YDR008C	351
YDR007W	675
YDR006C	2706
YDR005C	1268
YDR004W	1383
YDR003W-A	123
YDR003W	633
YDR002W	606
YDR001C	2256
YDL248W	1152
YDL247W-A	75
YDL247W	1830
YDL246C	1074
YDL245C	1704
YDL244W	1023
YDL243C	990
YDL242W	354
YDL241W	372
YDL240W	3054
YDL240C-A	138
YDL239C	2373
YDL238C	1470
YDL237W	1173
YDL236W	939
YDL235C	504
YDL234C	2241
YDL233W	1377
YDL232W	111
YDL231C	3378
YDL230W	1008
YDL229W	1842
YDL228C	642
YDL227C	1761
YDL226C	1059
YDL225W	1656
YDL224C	1950
YDL223C	3141
YDL222C	930
YDL221W	552
YDL220C	2775
YDL219W	524
YDL218W	954
YDL217C	624
YDL216C	1323
YDL215C	3279
YDL214C	2100
YDL213C	678
YDL212W	633
YDL211C	1119
YDL210W	1716
YDL209C	1020
YDL208W	471
YDL207W	1617
YDL206W	2289
YDL205C	984
YDL204W	1182
YDL203C	1872
YDL202W	750
YDL201W	861
YDL200C	567
YDL199C	2064
YDL198C	903
YDL197C	1578
YDL196W	330
YDL195W	3822
YDL194W	2655
YDL193W	1128
YDL192W	546
YDL191W	854
YDL190C	2886
YDL189W	1374
YDL188C	1134
YDL187C	330
YDL186W	834
YDL185W	3216
YDL185C-A	228
YDL184C	78
YDL183C	963
YDL182W	1287
YDL181W	258
YDL180W	1644
YDL179W	915
YDL178W	1593
YDL177C	513
YDL176W	2127
YDL175C	1035
YDL174C	1764
YDL173W	888
YDL172C	480
YDL171C	6438
YDL170W	1587
YDL169C	672
YDL168W	1161
YDL167C	2160
YDL166C	594
YDL165W	576
YDL164C	2268
YDL163W	303
YDL162C	357
YDL161W	1365
YDL160C-A	243
YDL160C	1521
YDL159W-A	132
YDL159W	1548
YDL159C-B	177
YDL158C	309
YDL157C	357
YDL156W	1569
YDL155W	1284
YDL154W	2706
YDL153C	1833
YDL152W	366
YDL151C	582
YDL150W	1269
YDL149W	2994
YDL148C	2433
YDL147W	1338
YDL146W	1476
YDL145C	3606
YDL144C	1071
YDL143W	1587
YDL142C	852
YDL141W	2073
YDL140C	5202
YDL139C	672
YDL138W	2292
YDL137W	546
YDL136W	768
YDL135C	609
YDL134C	1110
YDL133W	1314
YDL133C-A	78
YDL132W	2448
YDL131W	1323
YDL130W-A	261
YDL130W	622
YDL129W	876
YDL128W	1236
YDL127W	927
YDL126C	2508
YDL125C	588
YDL124W	939
YDL123W	423
YDL122W	2430
YDL121C	450
YDL120W	525
YDL119C	924
YDL118W	381
YDL117W	2658
YDL116W	2181
YDL115C	1132
YDL114W-A	114
YDL114W	927
YDL113C	1923
YDL112W	4311
YDL111C	798
YDL110C	453
YDL109C	1944
YDL108W	1002
YDL107W	1056
YDL106C	1680
YDL105W	1209
YDL104C	1224
YDL103C	1434
YDL102W	3294
YDL101C	1542
YDL100C	1065
YDL099W	1026
YDL098C	585
YDL097C	1305
YDL096C	327
YDL095W	2454
YDL094C	510
YDL093W	2232
YDL092W	441
YDL091C	1368
YDL090C	1296
YDL089W	1455
YDL088C	1587
YDL087C	786
YDL086W	822
YDL086C-A	435
YDL085W	1638
YDL085C-A	207
YDL084W	1341
YDL083C	864
YDL082W	965
YDL081C	321
YDL080C	1830
YDL079C	1798
YDL078C	1032
YDL077C	3150
YDL076C	885
YDL075W	763
YDL074C	2103
YDL073W	2955
YDL072C	612
YDL071C	375
YDL070W	1917
YDL069C	690
YDL068W	330
YDL067C	180
YDL066W	1287
YDL065C	1029
YDL064W	584
YDL063C	1863
YDL062W	426
YDL061C	171
YDL060W	2367
YDL059C	717
YDL058W	5373
YDL057W	987
YDL056W	2502
YDL055C	1086
YDL054C	1461
YDL053C	558
YDL052C	912
YDL051W	828
YDL050C	372
YDL049C	807
YDL048C	1473
YDL047W	936
YDL046W	522
YDL045W-A	288
YDL045C	921
YDL044C	1323
YDL043C	801
YDL042C	1689
YDL041W	354
YDL040C	2565
YDL039C	2097
YDL038C	1752
YDL037C	987
YDL036C	1389
YDL035C	2886
YDL034W	345
YDL033C	1254
YDL032W	312
YDL031W	2988
YDL030W	1593
YDL029W	1299
YDL028C	2295
YDL027C	1263
YDL026W	312
YDL025W-A	105
YDL025C	1863
YDL024C	1407
YDL023C	321
YDL022W	1176
YDL022C-A	249
YDL021W	936
YDL020C	1596
YDL019C	3852
YDL018C	678
YDL017W	1524
YDL016C	303
YDL015C	933
YDL014W	984
YDL013W	1860
YDL012C	410
YDL011C	324
YDL010W	696
YDL009C	324
YDL008W	498
YDL007W	1314
YDL007C-A	258
YDL006W	846
YDL005C	1296
YDL004W	483
YDL003W	1701
YDL002C	612
YDL001W	1293
YCRX21C	387
YCRX20C	312
YCRX19W	360
YCRX18C	408
YCRX17W	372
YCRX16C	462
YCRX15W	309
YCRX14W	318
YCRX12W	441
YCRX11W	375
YCRX10W	315
YCRX09C	318
YCRX08W	312
YCRX07W	555
YCRX06W	351
YCRX05W	480
YCRX04W	414
YCRX03C	309
YCRX02C	456
YCRX01W	303
YCR108C	192
YCR107W	1092
YCR106W	2499
YCR105W	1086
YCR104W	375
YCR103C	336
YCR102W-A	198
YCR102C	1107
YCR101C	549
YCR100C	951
YCR099C	468
YCR098C	1557
YCR097W-A	267
YCR097WA	393
YCR097W	487
YCR096C	360
YCR095W-A	159
YCR095C	1089
YCR094W	1176
YCR093W	6327
YCR092C	3057
YCR091W	2163
YCR090C	549
YCR089W	4830
YCR088W	1779
YCR087W	516
YCR087C-A	462
YCR086W	573
YCR085W	354
YCR084C	2142
YCR083W	384
YCR082W	387
YCR081W	4284
YCR081C-A	237
YCR080W	456
YCR079W	1329
YCR077C	2391
YCR076C	753
YCR075W-A	228
YCR075C	783
YCR074C	321
YCR073W-A	948
YCR073C	3996
YCR072C	1548
YCR071C	441
YCR070W	129
YCR069W	957
YCR068W	1563
YCR067C	3198
YCR066W	1464
YCR065W	1695
YCR064C	411
YCR063W	474
YCR062W	363
YCR061W	1896
YCR060W	336
YCR059C	777
YCR058C	306
YCR057C	2772
YCR056W	369
YCR055C	1005
YCR054C	1692
YCR053W	1545
YCR052W	1452
YCR051W	669
YCR050C	309
YCR049C	447
YCR048W	1833
YCR047W-A	207
YCR047C	828
YCR046C	510
YCR045W-A	351
YCR045C	1476
YCR044C	1074
YCR043C	384
YCR042C	4224
YCR041W	333
YCR040W	528
YCR039C	633
YCR038W-A	126
YCR038C	1929
YCR037C	2772
YCR036W	1002
YCR035C	1185
YCR034W	1044
YCR033W	3681
YCR032W	6504
YCR031C	721
YCR030C	2613
YCR029C-A	527
YCR029C	423
YCR028C-A	491
YCR028C	1539
YCR027C	630
YCR026C	2229
YCR025C	411
YCR024C-B	267
YCR024C-A	123
YCR024C	1479
YCR023C	1836
YCR022C	345
YCR021C	999
YCR020W-B	237
YCR020C-A	267
YCR020C	648
YCR019W	1092
YCR018C-A	255
YCR018C	666
YCR017C	2862
YCR016W	873
YCR015C	954
YCR014C	1749
YCR013C	648
YCR012W	1251
YCR011C	3150
YCR010C	852
YCR009C	798
YCR008W	1812
YCR007C	720
YCR006C	474
YCR005C	1383
YCR004C	744
YCR003W	552
YCR002C	969
YCR001W	315
YCLX12W	339
YCLX11W	459
YCLX10C	312
YCLX09W	393
YCLX07W	339
YCLX06C	333
YCLX05C	318
YCLX04W	447
YCLX03C	384
YCLX02C	405
YCLX01W	399
YCL076W	744
YCL073C	1848
YCL069W	1377
YCL068C	783
YCL067C	633
YCL066W	528
YCL065W	369
YCL064C	1083
YCL063W	1272
YCL062W	588
YCL061C	3291
YCL060C	954
YCL059C	951
YCL058W-A	342
YCL058C	459
YCL057W	2139
YCL057C-A	294
YCL056C	435
YCL055W	1008
YCL054W-A	87
YCL054W	2526
YCL053C	450
YCL052C	1251
YCL051W	1752
YCL050C	966
YCL049C	939
YCL048W-A	240
YCL048W	1392
YCL047C	777
YCL046W	324
YCL045C	2283
YCL044C	1254
YCL043C	1569
YCL042W	360
YCL041C	495
YCL040W	1503
YCL039W	2238
YCL038C	1587
YCL037C	1305
YCL036W	1701
YCL035C	333
YCL034W	1065
YCL033C	507
YCL032W	1041
YCL031C	894
YCL030C	2400
YCL029C	1323
YCL028W	1218
YCL027W	1539
YCL026C-B	582
YCL026C-A	582
YCL026C	360
YCL025C	1902
YCL024W	3114
YCL023C	348
YCL022C	516
YCL021W-A	378
YCL021W	354
YCL018W	1095
YCL017C	1494
YCL016C	1143
YCL014W	4911
YCL013W	399
YCL012W	696
YCL012C	472
YCL011C	1284
YCL010C	780
YCL009C	930
YCL008C	1158
YCL007C	393
YCL006C	330
YCL005W-A	395
YCL005W	771
YCL004W	1566
YCL003W	531
YCL002C	868
YCL001W-B	255
YCL001W-A	462
YCL001W	567
YBR302C	1140
YBR301W	363
YBR300C	498
YBR299W	1755
YBR298C-A	222
YBR298C	1845
YBR297W	1407
YBR296C-A	120
YBR296C	1725
YBR295W	3651
YBR294W	2580
YBR293W	1425
YBR292C	372
YBR291C	900
YBR290W	966
YBR289W	2718
YBR288C	1452
YBR287W	1284
YBR286W	1614
YBR285W	435
YBR284W	2394
YBR283C	1473
YBR282W	441
YBR281C	2637
YBR280C	1914
YBR279W	1338
YBR278W	606
YBR277C	402
YBR276C	2424
YBR275C	5751
YBR274W	1584
YBR273C	1311
YBR272C	1443
YBR271W	1260
YBR270C	1638
YBR269C	417
YBR268W	318
YBR267W	1182
YBR266C	453
YBR265W	963
YBR264C	600
YBR263W	1473
YBR262C	321
YBR261C	699
YBR260C	2001
YBR259W	2067
YBR258C	429
YBR257W	840
YBR256C	717
YBR255W	2085
YBR255C-A	457
YBR254C	528
YBR253W	366
YBR252W	444
YBR251W	924
YBR250W	1572
YBR249C	1113
YBR248C	1659
YBR247C	1452
YBR246W	1164
YBR245C	3390
YBR244W	489
YBR243C	1347
YBR242W	717
YBR241C	1467
YBR240C	1353
YBR239C	1590
YBR238C	2196
YBR237W	2550
YBR236C	1311
YBR235W	3363
YBR234C	1155
YBR233W-A	285
YBR233W	1242
YBR232C	360
YBR231C	912
YBR230W-A	201
YBR230C	502
YBR229C	2865
YBR228W	915
YBR227C	1563
YBR226C	411
YBR225W	2703
YBR224W	516
YBR223W-A	120
YBR223C	1635
YBR222C	1632
YBR221W-A	105
YBR221C	1101
YBR220C	1683
YBR219C	805
YBR218C	3543
YBR217W	561
YBR216C	2025
YBR215W	1962
YBR214W	1584
YBR213W	825
YBR212W	2019
YBR211C	975
YBR210W	429
YBR209W	318
YBR208C	5508
YBR207W	1398
YBR206W	324
YBR205W	1215
YBR204C	1128
YBR203W	2775
YBR202W	2538
YBR201W	636
YBR201C-A	204
YBR200W-A	165
YBR200W	1656
YBR199W	1395
YBR198C	2397
YBR197C	654
YBR196C-B	105
YBR196C-A	150
YBR196C	1665
YBR195C	1269
YBR194W	372
YBR193C	672
YBR192W	1134
YBR191W-A	75
YBR191W	871
YBR190W	312
YBR189W	1001
YBR188C	423
YBR187W	843
YBR186W	1808
YBR185C	837
YBR184W	1572
YBR183W	951
YBR182C-A	195
YBR182C	1359
YBR181C	1063
YBR180W	1719
YBR179C	2568
YBR178W	375
YBR177C	1356
YBR176W	939
YBR175W	948
YBR174C	315
YBR173C	447
YBR172C	2223
YBR171W	621
YBR170C	1743
YBR169C	2082
YBR168W	1242
YBR167C	423
YBR166C	1359
YBR165W	834
YBR164C	552
YBR163W	1758
YBR162W-A	198
YBR162C	1368
YBR161W	1131
YBR160W	897
YBR159W	1044
YBR158W	1650
YBR157C	768
YBR156C	2097
YBR155W	1158
YBR154C	648
YBR153W	735
YBR152W	876
YBR151W	951
YBR150C	3285
YBR149W	1035
YBR148W	1830
YBR147W	891
YBR146W	837
YBR145W	1056
YBR144C	315
YBR143C	1314
YBR142W	2322
YBR141W-A	96
YBR141C	1014
YBR140C	9279
YBR139W	1527
YBR138C	1575
YBR137W	540
YBR136W	7107
YBR135W	453
YBR134W	402
YBR133C	2484
YBR132C	1791
YBR131W	2115
YBR131C-A	90
YBR130C	1278
YBR129C	987
YBR128C	1035
YBR127C	1554
YBR126W-B	144
YBR126W-A	207
YBR126C	1488
YBR125C	1182
YBR124W	360
YBR123C	1950
YBR122C	534
YBR121C-A	159
YBR121C	2004
YBR120C	489
YBR119W	986
YBR118W	1377
YBR117C	2046
YBR116C	528
YBR115C	4179
YBR114W	2373
YBR113W	483
YBR112C	2901
YBR111W-A	441
YBR111C	696
YBR110W	1350
YBR109W-A	225
YBR109C	444
YBR108W	2844
YBR107C	738
YBR106W	567
YBR105C	1089
YBR104W	990
YBR103W	1608
YBR103C-A	144
YBR102C	2262
YBR101C	873
YBR100W	339
YBR099C	384
YBR098W	2076
YBR097W	4365
YBR096W	693
YBR095C	1293
YBR094W	2262
YBR093C	1404
YBR092C	1404
YBR091C	330
YBR090C	726
YBR089W	600
YBR089C-A	300
YBR088C	777
YBR087W	1065
YBR086C	2841
YBR085W	924
YBR085C-A	258
YBR084W	2928
YBR084C-A	1076
YBR083W	1461
YBR082C	542
YBR081C	3999
YBR080C	2277
YBR079C	2895
YBR078W	1620
YBR077C	489
YBR076W	1065
YBR076C-A	267
YBR075W	1383
YBR074W	2931
YBR073W	2877
YBR072W	645
YBR072C-A	162
YBR071W	636
YBR070C	714
YBR069C	1860
YBR068C	1830
YBR067C	633
YBR066C	663
YBR065C	1095
YBR064W	429
YBR063C	1215
YBR062C	625
YBR061C	933
YBR060C	1863
YBR059C	3327
YBR058C-A	243
YBR058C	2346
YBR057C	1101
YBR056W-A	201
YBR056W	1506
YBR056C-B	159
YBR055C	2700
YBR054W	1035
YBR053C	1077
YBR052C	633
YBR051W	351
YBR050C	1017
YBR049C	2433
YBR048W	982
YBR047W	528
YBR046C	1005
YBR045C	1920
YBR044C	1719
YBR043C	2070
YBR042C	1194
YBR041W	2010
YBR040W	897
YBR039W	936
YBR038W	2892
YBR037C	888
YBR036C	1233
YBR035C	687
YBR034C	1047
YBR033W	2760
YBR032W	303
YBR031W	1089
YBR030W	1659
YBR029C	1374
YBR028C	1578
YBR027C	333
YBR026C	1143
YBR025C	1185
YBR024W	906
YBR023C	3498
YBR022W	534
YBR021W	1902
YBR020W	1587
YBR019C	2100
YBR018C	1101
YBR017C	2757
YBR016W	387
YBR015C	1794
YBR014C	612
YBR013C	390
YBR012C	420
YBR011C	864
YBR010W	411
YBR009C	312
YBR008C	1647
YBR007C	2211
YBR006W	1494
YBR005W	642
YBR004C	1302
YBR003W	1422
YBR002C	861
YBR001C	2343
YBL113W-A	483
YBL113C	2379
YBL112C	318
YBL111C	2103
YBL109W	336
YBL108W	306
YBL108C-A	129
YBL107W-A	105
YBL107C	591
YBL106C	3033
YBL105C	3456
YBL104C	3117
YBL103C-A	261
YBL103C	1461
YBL102W	648
YBL101C	3354
YBL100W-C	120
YBL100C	315
YBL099W	1638
YBL098W	1383
YBL097W	2265
YBL096C	309
YBL095W	813
YBL094C	333
YBL093C	663
YBL092W	393
YBL091C-A	616
YBL091C	1266
YBL090W	534
YBL089W	1380
YBL088C	8364
YBL087C	918
YBL086C	1401
YBL085W	2943
YBL084C	2277
YBL083C	426
YBL082C	1377
YBL081W	1107
YBL080C	1626
YBL079W	4509
YBL078C	354
YBL077W	432
YBL076C	3219
YBL075C	1950
YBL074C	1068
YBL073W	312
YBL072C	603
YBL071W-A	249
YBL071C-B	99
YBL071C	309
YBL070C	321
YBL069W	1290
YBL068W-A	237
YBL068W	981
YBL067C	2244
YBL066C	3447
YBL065W	345
YBL064C	786
YBL063W	3336
YBL062W	381
YBL061C	2091
YBL060W	2064
YBL059W	651
YBL059C-A	415
YBL058W	1272
YBL057C	627
YBL056W	1407
YBL055C	1257
YBL054W	1578
YBL053W	375
YBL052C	2496
YBL051C	2007
YBL050W	995
YBL049W	417
YBL048W	312
YBL047C	4146
YBL046W	1326
YBL045C	1374
YBL044W	369
YBL043W	774
YBL042C	1920
YBL041W	726
YBL040C	757
YBL039W-B	180
YBL039C-A	84
YBL039C	1740
YBL038W	699
YBL037W	3078
YBL036C	774
YBL035C	2118
YBL034C	4542
YBL033C	1038
YBL032W	1146
YBL031W	1017
YBL030C	957
YBL029W	1131
YBL029C-A	285
YBL028C	321
YBL027W	954
YBL026W	416
YBL025W	438
YBL024W	2055
YBL023C	2607
YBL022C	3402
YBL021C	435
YBL020W	1725
YBL019W	1563
YBL018C	477
YBL017C	4740
YBL016W	1062
YBL015W	1581
YBL014C	2685
YBL013W	1206
YBL012C	402
YBL011W	2280
YBL010C	843
YBL009W	2031
YBL008W-A	240
YBL008W	2523
YBL007C	3735
YBL006W-A	150
YBL006C	543
YBL005W	2931
YBL004W	7482
YBL003C	399
YBL002W	396
YBL001C	315
YAR075W	474
YAR074C	327
YAR073W	1212
YAR071W	1404
YAR070C	300
YAR069C	294
YAR068W	486
YAR066W	612
YAR064W	300
YAR060C	336
YAR053W	297
YAR052C	381
YAR050W	4614
YAR047C	321
YAR044W	2580
YAR043C	321
YAR042W	3567
YAR035W	2064
YAR035C-A	81
YAR033W	705
YAR031W	897
YAR030C	342
YAR029W	225
YAR028W	705
YAR027W	708
YAR023C	540
YAR020C	168
YAR019W-A	333
YAR019C	2925
YAR018C	1308
YAR015W	921
YAR014C	2130
YAR008W	828
YAR007C	1866
YAR003W	1281
YAR002W	1620
YAR002C-A	660
YAL069W	315
YAL068W-A	255
YAL068C	363
YAL067W-A	228
YAL067C	1782
YAL066W	309
YAL065C	387
YAL064W-B	381
YAL064W	285
YAL064C-A	381
YAL063C-A	291
YAL063C	3969
YAL062W	1374
YAL061W	1254
YAL060W	1149
YAL059W	639
YAL059C-A	423
YAL058W	1509
YAL056W	2643
YAL056C-A	351
YAL055W	543
YAL054C	2142
YAL053W	2352
YAL051W	3144
YAL049C	741
YAL048C	1989
YAL047W-A	330
YAL047C	1869
YAL046C	357
YAL045C	309
YAL044W-A	333
YAL044C	513
YAL043C	2358
YAL042W	1248
YAL042C-A	378
YAL041W	2565
YAL040C	1743
YAL039C	810
YAL038W	1503
YAL037W	804
YAL037C-B	975
YAL037C-A	93
YAL036C	1110
YAL035W	3009
YAL034W-A	870
YAL034C-B	354
YAL034C	1242
YAL033W	522
YAL032C	1140
YAL031W-A	309
YAL031C	2283
YAL030W	467
YAL029C	4416
YAL028W	1587
YAL027W	786
YAL026C-A	438
YAL026C	4068
YAL025C	921
YAL024C	4308
YAL023C	2280
YAL022C	1554
YAL021C	2514
YAL020C	1002
YAL019W-A	570
YAL019W	3396
YAL018C	978
YAL017W	4071
YAL016W	1908
YAL016C-B	186
YAL016C-A	315
YAL015C	1200
YAL014C	768
YAL013W	1218
YAL012W	1185
YAL011W	1878
YAL010C	1482
YAL009W	780
YAL008W	597
YAL007C	648
YAL005C	1929
YAL004W	648
YAL003W	987
YAL002W	3825
YAL001C	3573
R0040C	891
R0030W	546
R0020C	1122
R0010W	1272
Q0297	156
Q0275	810
Q0255	1490
Q0250	756
Q0182	405
Q0160	708
Q0144	330
Q0143	153
Q0142	177
Q0140	1197
Q0130	231
Q0120	5712
Q0115	3726
Q0110	2040
Q0105	7108
Q0092	141
Q0085	780
Q0080	147
Q0075	1100
Q0070	9350
Q0065	8118
Q0060	6179
Q0055	5013
Q0050	2505
Q0045	12884
Q0032	291
Q0017	162
Q0010	387
